scenario,tsla_cost_pct,tsll_cost_pct,borrow_included,bucket,target_dte,roll_dte,CAGR,Max DD,Sharpe,stop_loss_rolls_total
none,0.0,0.0,False,10% OTM,30,3,0.3780227417242277,-0.1999366357031105,1.3094199615051767,5264
low,0.005,0.015,True,10% OTM,30,3,0.34481902435391465,-0.22409092334689618,1.1900985480005564,5093
base,0.01,0.03,True,10% OTM,30,3,0.32721083842087917,-0.231290454494534,1.127600148223765,4833
high,0.02,0.06,True,10% OTM,90,5,0.33296220544542066,-0.2052893015139413,1.0164794304319684,4555
