bucket,target_dte,roll_dte,CAGR,Max DD,Sharpe
10% OTM,30,3,0.38819365353435686,-0.19488404622427702,1.373643347761305
20% OTM,30,3,0.39836037904067134,-0.38724340674724467,1.034917010628688
ATM,30,3,0.28009276858392584,-0.307853616505094,0.8248112632488293
