bucket,target_dte,roll_dte,CAGR,Max DD,Sharpe
10% OTM,30,3,0.34481902435391465,-0.22409092334689618,1.1900985480005564
10% OTM,90,5,0.35097548753591834,-0.17909152595241518,1.084142853918162
10% OTM,90,7,0.35097548753591834,-0.17909152595241518,1.084142853918162
10% OTM,90,10,0.2546443008744317,-0.2214599414849726,0.8843061988516235
10% OTM,180,14,0.22145350113622708,-0.23690282845351995,0.727152867827021
10% OTM,30,21,0.16169159139388944,-0.3040265903277777,0.6809658245400214
10% OTM,45,30,0.15081235774489032,-0.3083132046863024,0.6467625857753811
ATM,60,45,-1.0,-1.067749153403845,0.6092044610829085
10% OTM,150,60,0.16875527710529203,-0.21866848741604517,0.652558151316293
