date,option_symbol,expiration,strike,option_type,close,volume,daily_dollar_volume,dte,underlying_close,moneyness,implied_volatility,delta,gamma,vega,theta,data_source,price_available,liquidity_available
2024-09-04,PLTR  240906C00025000,2024-09-06,25,call,5.33513513514,37,19740,2,30.5900001526,-0.182739461416,,,,,,DataBento OPRA.PILLAR OHLCV-1d aggregate + local validated call definitions; IV/Greeks not supplied,True,True
2024-09-04,PLTR  240906C00025500,2024-09-06,25.5,call,5.14,2,1028,2,30.5900001526,-0.166394250644,,,,,,DataBento OPRA.PILLAR OHLCV-1d aggregate + local validated call definitions; IV/Greeks not supplied,True,True
2024-09-04,PLTR  240906C00026000,2024-09-06,26,call,4.39456140351,57,25049,2,30.5900001526,-0.150049039872,,,,,,DataBento OPRA.PILLAR OHLCV-1d aggregate + local validated call definitions; IV/Greeks not supplied,True,True
2024-09-04,PLTR  240906C00026500,2024-09-06,26.5,call,3.6,2,720,2,30.5900001526,-0.133703829101,,,,,,DataBento OPRA.PILLAR OHLCV-1d aggregate + local validated call definitions; IV/Greeks not supplied,True,True
2024-09-04,PLTR  240906C00027500,2024-09-06,27.5,call,3.046,65,19799,2,30.5900001526,-0.101013407557,,,,,,DataBento OPRA.PILLAR OHLCV-1d aggregate + local validated call definitions; IV/Greeks not supplied,True,True
2024-09-04,PLTR  240906C00028000,2024-09-06,28,call,2.45743902439,164,40302,2,30.5900001526,-0.0846681967855,,,,,,DataBento OPRA.PILLAR OHLCV-1d aggregate + local validated call definitions; IV/Greeks not supplied,True,True
2024-09-04,PLTR  240906C00028500,2024-09-06,28.5,call,1.95135802469,243,47418,2,30.5900001526,-0.0683229860138,,,,,,DataBento OPRA.PILLAR OHLCV-1d aggregate + local validated call definitions; IV/Greeks not supplied,True,True
2024-09-04,PLTR  240906C00029000,2024-09-06,29,call,1.81546423135,657,119276,2,30.5900001526,-0.0519777752421,,,,,,DataBento OPRA.PILLAR OHLCV-1d aggregate + local validated call definitions; IV/Greeks not supplied,True,True
2024-09-04,PLTR  240906C00029500,2024-09-06,29.5,call,1.43061743341,826,118169,2,30.5900001526,-0.0356325644704,,,,,,DataBento OPRA.PILLAR OHLCV-1d aggregate + local validated call definitions; IV/Greeks not supplied,True,True
2024-09-04,PLTR  240906C00030500,2024-09-06,30.5,call,0.812982682864,3869,314543,2,30.5900001526,-0.00294214292707,,,,,,DataBento OPRA.PILLAR OHLCV-1d aggregate + local validated call definitions; IV/Greeks not supplied,True,True
2024-09-04,PLTR  240906C00031000,2024-09-06,31,call,0.604839825984,10114,611735,2,30.5900001526,0.0134030678446,,,,,,DataBento OPRA.PILLAR OHLCV-1d aggregate + local validated call definitions; IV/Greeks not supplied,True,True
2024-09-04,PLTR  240906C00031500,2024-09-06,31.5,call,0.427471671388,5648,241436,2,30.5900001526,0.0297482786163,,,,,,DataBento OPRA.PILLAR OHLCV-1d aggregate + local validated call definitions; IV/Greeks not supplied,True,True
2024-09-04,PLTR  240906C00032000,2024-09-06,32,call,0.280207130304,7966,223213,2,30.5900001526,0.046093489388,,,,,,DataBento OPRA.PILLAR OHLCV-1d aggregate + local validated call definitions; IV/Greeks not supplied,True,True
2024-09-04,PLTR  240906C00032500,2024-09-06,32.5,call,0.174685220729,5210,91011,2,30.5900001526,0.0624387001597,,,,,,DataBento OPRA.PILLAR OHLCV-1d aggregate + local validated call definitions; IV/Greeks not supplied,True,True
2024-09-04,PLTR  240906C00033000,2024-09-06,33,call,0.104581018004,4499,47051,2,30.5900001526,0.0787839109314,,,,,,DataBento OPRA.PILLAR OHLCV-1d aggregate + local validated call definitions; IV/Greeks not supplied,True,True
2024-09-04,PLTR  240906C00034000,2024-09-06,34,call,0.0301697216565,1473,4444,2,30.5900001526,0.111474332475,,,,,,DataBento OPRA.PILLAR OHLCV-1d aggregate + local validated call definitions; IV/Greeks not supplied,True,True
2024-09-04,PLTR  240906C00034500,2024-09-06,34.5,call,0.0274563591022,401,1101,2,30.5900001526,0.127819543246,,,,,,DataBento OPRA.PILLAR OHLCV-1d aggregate + local validated call definitions; IV/Greeks not supplied,True,True
2024-09-04,PLTR  240906C00035000,2024-09-06,35,call,0.0110935960591,1015,1126,2,30.5900001526,0.144164754018,,,,,,DataBento OPRA.PILLAR OHLCV-1d aggregate + local validated call definitions; IV/Greeks not supplied,True,True
2024-09-04,PLTR  240906C00036000,2024-09-06,36,call,0.01,27,27,2,30.5900001526,0.176855175561,,,,,,DataBento OPRA.PILLAR OHLCV-1d aggregate + local validated call definitions; IV/Greeks not supplied,True,True
2024-09-04,PLTR  240913C00028000,2024-09-13,28,call,2.89086021505,93,26885,9,30.5900001526,-0.0846681967855,,,,,,DataBento OPRA.PILLAR OHLCV-1d aggregate + local validated call definitions; IV/Greeks not supplied,True,True
2024-09-04,PLTR  240913C00028500,2024-09-13,28.5,call,2.618,10,2618,9,30.5900001526,-0.0683229860138,,,,,,DataBento OPRA.PILLAR OHLCV-1d aggregate + local validated call definitions; IV/Greeks not supplied,True,True
2024-09-04,PLTR  240913C00030000,2024-09-13,30,call,1.52638095238,840,128216,9,30.5900001526,-0.0192873536988,,,,,,DataBento OPRA.PILLAR OHLCV-1d aggregate + local validated call definitions; IV/Greeks not supplied,True,True
2024-09-04,PLTR  240913C00030500,2024-09-13,30.5,call,1.2698325062,1612,204697,9,30.5900001526,-0.00294214292707,,,,,,DataBento OPRA.PILLAR OHLCV-1d aggregate + local validated call definitions; IV/Greeks not supplied,True,True
2024-09-04,PLTR  240913C00031000,2024-09-13,31,call,1.04416946121,4473,467057,9,30.5900001526,0.0134030678446,,,,,,DataBento OPRA.PILLAR OHLCV-1d aggregate + local validated call definitions; IV/Greeks not supplied,True,True
2024-09-04,PLTR  240913C00033000,2024-09-13,33,call,0.397259148618,2678,106386,9,30.5900001526,0.0787839109314,,,,,,DataBento OPRA.PILLAR OHLCV-1d aggregate + local validated call definitions; IV/Greeks not supplied,True,True
2024-09-04,PLTR  240913C00033500,2024-09-13,33.5,call,0.309572989076,1007,31174,9,30.5900001526,0.0951291217031,,,,,,DataBento OPRA.PILLAR OHLCV-1d aggregate + local validated call definitions; IV/Greeks not supplied,True,True
2024-09-04,PLTR  240913C00034000,2024-09-13,34,call,0.22880891174,2334,53404,9,30.5900001526,0.111474332475,,,,,,DataBento OPRA.PILLAR OHLCV-1d aggregate + local validated call definitions; IV/Greeks not supplied,True,True
2024-09-04,PLTR  240913C00034500,2024-09-13,34.5,call,0.195113636364,88,1717,9,30.5900001526,0.127819543246,,,,,,DataBento OPRA.PILLAR OHLCV-1d aggregate + local validated call definitions; IV/Greeks not supplied,True,True
2024-09-04,PLTR  240913C00035500,2024-09-13,35.5,call,0.108484848485,165,1790,9,30.5900001526,0.16050996479,,,,,,DataBento OPRA.PILLAR OHLCV-1d aggregate + local validated call definitions; IV/Greeks not supplied,True,True
2024-09-04,PLTR  240913C00036000,2024-09-13,36,call,0.0851824817518,685,5835,9,30.5900001526,0.176855175561,,,,,,DataBento OPRA.PILLAR OHLCV-1d aggregate + local validated call definitions; IV/Greeks not supplied,True,True
2024-09-04,PLTR  240913C00036500,2024-09-13,36.5,call,0.06,14,84,9,30.5900001526,0.193200386333,,,,,,DataBento OPRA.PILLAR OHLCV-1d aggregate + local validated call definitions; IV/Greeks not supplied,True,True
2024-09-04,PLTR  240913C00037000,2024-09-13,37,call,0.0502,50,251,9,30.5900001526,0.209545597105,,,,,,DataBento OPRA.PILLAR OHLCV-1d aggregate + local validated call definitions; IV/Greeks not supplied,True,True
2024-09-04,PLTR  240913C00037500,2024-09-13,37.5,call,0.015,6,9,9,30.5900001526,0.225890807877,,,,,,DataBento OPRA.PILLAR OHLCV-1d aggregate + local validated call definitions; IV/Greeks not supplied,True,True
2024-09-04,PLTR  240920C00028500,2024-09-20,28.5,call,2.53983050847,59,14985,16,30.5900001526,-0.0683229860138,,,,,,DataBento OPRA.PILLAR OHLCV-1d aggregate + local validated call definitions; IV/Greeks not supplied,True,True
2024-09-04,PLTR  240920C00029000,2024-09-20,29,call,2.38195266272,169,40255,16,30.5900001526,-0.0519777752421,,,,,,DataBento OPRA.PILLAR OHLCV-1d aggregate + local validated call definitions; IV/Greeks not supplied,True,True
2024-09-04,PLTR  240920C00029500,2024-09-20,29.5,call,2.0032,175,35056,16,30.5900001526,-0.0356325644704,,,,,,DataBento OPRA.PILLAR OHLCV-1d aggregate + local validated call definitions; IV/Greeks not supplied,True,True
2024-09-04,PLTR  240920C00030000,2024-09-20,30,call,1.78502919708,1370,244549,16,30.5900001526,-0.0192873536988,,,,,,DataBento OPRA.PILLAR OHLCV-1d aggregate + local validated call definitions; IV/Greeks not supplied,True,True
2024-09-04,PLTR  240920C00030500,2024-09-20,30.5,call,1.53728323699,346,53190,16,30.5900001526,-0.00294214292707,,,,,,DataBento OPRA.PILLAR OHLCV-1d aggregate + local validated call definitions; IV/Greeks not supplied,True,True
2024-09-04,PLTR  240920C00032000,2024-09-20,32,call,0.91303030303,1155,105455,16,30.5900001526,0.046093489388,,,,,,DataBento OPRA.PILLAR OHLCV-1d aggregate + local validated call definitions; IV/Greeks not supplied,True,True
2024-09-04,PLTR  240920C00033000,2024-09-20,33,call,0.628174672489,1145,71926,16,30.5900001526,0.0787839109314,,,,,,DataBento OPRA.PILLAR OHLCV-1d aggregate + local validated call definitions; IV/Greeks not supplied,True,True
2024-09-04,PLTR  240920C00033500,2024-09-20,33.5,call,0.519829059829,234,12164,16,30.5900001526,0.0951291217031,,,,,,DataBento OPRA.PILLAR OHLCV-1d aggregate + local validated call definitions; IV/Greeks not supplied,True,True
2024-09-04,PLTR  240920C00034000,2024-09-20,34,call,0.398525469169,746,29730,16,30.5900001526,0.111474332475,,,,,,DataBento OPRA.PILLAR OHLCV-1d aggregate + local validated call definitions; IV/Greeks not supplied,True,True
2024-09-04,PLTR  240920C00034500,2024-09-20,34.5,call,0.240740740741,27,650,16,30.5900001526,0.127819543246,,,,,,DataBento OPRA.PILLAR OHLCV-1d aggregate + local validated call definitions; IV/Greeks not supplied,True,True
2024-09-04,PLTR  240920C00035000,2024-09-20,35,call,0.246186887717,1327,32669,16,30.5900001526,0.144164754018,,,,,,DataBento OPRA.PILLAR OHLCV-1d aggregate + local validated call definitions; IV/Greeks not supplied,True,True
2024-09-04,PLTR  240920C00035500,2024-09-20,35.5,call,0.224583333333,48,1078,16,30.5900001526,0.16050996479,,,,,,DataBento OPRA.PILLAR OHLCV-1d aggregate + local validated call definitions; IV/Greeks not supplied,True,True
2024-09-04,PLTR  240920C00038000,2024-09-20,38,call,0.0707368421053,95,672,16,30.5900001526,0.242236018648,,,,,,DataBento OPRA.PILLAR OHLCV-1d aggregate + local validated call definitions; IV/Greeks not supplied,True,True
2024-09-04,PLTR  240920C00039000,2024-09-20,39,call,0.0429268292683,82,352,16,30.5900001526,0.274926440192,,,,,,DataBento OPRA.PILLAR OHLCV-1d aggregate + local validated call definitions; IV/Greeks not supplied,True,True
2024-09-04,PLTR  240927C00029000,2024-09-27,29,call,2.36612244898,49,11594,23,30.5900001526,-0.0519777752421,,,,,,DataBento OPRA.PILLAR OHLCV-1d aggregate + local validated call definitions; IV/Greeks not supplied,True,True
2024-09-04,PLTR  240927C00031000,2024-09-27,31,call,1.45734972678,366,53339,23,30.5900001526,0.0134030678446,,,,,,DataBento OPRA.PILLAR OHLCV-1d aggregate + local validated call definitions; IV/Greeks not supplied,True,True
2024-09-04,PLTR  240927C00035000,2024-09-27,35,call,0.359356725146,513,18435,23,30.5900001526,0.144164754018,,,,,,DataBento OPRA.PILLAR OHLCV-1d aggregate + local validated call definitions; IV/Greeks not supplied,True,True
2024-09-04,PLTR  240927C00037000,2024-09-27,37,call,0.170517241379,58,989,23,30.5900001526,0.209545597105,,,,,,DataBento OPRA.PILLAR OHLCV-1d aggregate + local validated call definitions; IV/Greeks not supplied,True,True
2024-09-04,PLTR  240927C00038000,2024-09-27,38,call,0.1025,4,41,23,30.5900001526,0.242236018648,,,,,,DataBento OPRA.PILLAR OHLCV-1d aggregate + local validated call definitions; IV/Greeks not supplied,True,True
2024-09-04,PLTR  240927C00040000,2024-09-27,40,call,0.0718691588785,107,769,23,30.5900001526,0.307616861735,,,,,,DataBento OPRA.PILLAR OHLCV-1d aggregate + local validated call definitions; IV/Greeks not supplied,True,True
2024-09-04,PLTR  240927C00041000,2024-09-27,41,call,0.07,1,7,23,30.5900001526,0.340307283278,,,,,,DataBento OPRA.PILLAR OHLCV-1d aggregate + local validated call definitions; IV/Greeks not supplied,True,True
2024-09-04,PLTR  241004C00029000,2024-10-04,29,call,2.6207826087,115,30139,30,30.5900001526,-0.0519777752421,,,,,,DataBento OPRA.PILLAR OHLCV-1d aggregate + local validated call definitions; IV/Greeks not supplied,True,True
2024-09-04,PLTR  241004C00030000,2024-10-04,30,call,2.16837209302,301,65268,30,30.5900001526,-0.0192873536988,,,,,,DataBento OPRA.PILLAR OHLCV-1d aggregate + local validated call definitions; IV/Greeks not supplied,True,True
2024-09-04,PLTR  241004C00031000,2024-10-04,31,call,1.62647286822,258,41963,30,30.5900001526,0.0134030678446,,,,,,DataBento OPRA.PILLAR OHLCV-1d aggregate + local validated call definitions; IV/Greeks not supplied,True,True
2024-09-04,PLTR  241004C00032000,2024-10-04,32,call,1.34390645586,1518,204005,30,30.5900001526,0.046093489388,,,,,,DataBento OPRA.PILLAR OHLCV-1d aggregate + local validated call definitions; IV/Greeks not supplied,True,True
2024-09-04,PLTR  241004C00033000,2024-10-04,33,call,0.874166666667,216,18882,30,30.5900001526,0.0787839109314,,,,,,DataBento OPRA.PILLAR OHLCV-1d aggregate + local validated call definitions; IV/Greeks not supplied,True,True
2024-09-04,PLTR  241004C00035000,2024-10-04,35,call,0.472388059701,134,6330,30,30.5900001526,0.144164754018,,,,,,DataBento OPRA.PILLAR OHLCV-1d aggregate + local validated call definitions; IV/Greeks not supplied,True,True
2024-09-04,PLTR  241004C00036000,2024-10-04,36,call,0.351449275362,69,2425,30,30.5900001526,0.176855175561,,,,,,DataBento OPRA.PILLAR OHLCV-1d aggregate + local validated call definitions; IV/Greeks not supplied,True,True
2024-09-04,PLTR  241004C00037000,2024-10-04,37,call,0.255584415584,77,1968,30,30.5900001526,0.209545597105,,,,,,DataBento OPRA.PILLAR OHLCV-1d aggregate + local validated call definitions; IV/Greeks not supplied,True,True
2024-09-04,PLTR  241004C00039000,2024-10-04,39,call,0.12,4,48,30,30.5900001526,0.274926440192,,,,,,DataBento OPRA.PILLAR OHLCV-1d aggregate + local validated call definitions; IV/Greeks not supplied,True,True
2024-09-04,PLTR  241004C00040000,2024-10-04,40,call,0.1,8,80,30,30.5900001526,0.307616861735,,,,,,DataBento OPRA.PILLAR OHLCV-1d aggregate + local validated call definitions; IV/Greeks not supplied,True,True
2024-09-04,PLTR  241011C00033000,2024-10-11,33,call,1.06958333333,24,2567,37,30.5900001526,0.0787839109314,,,,,,DataBento OPRA.PILLAR OHLCV-1d aggregate + local validated call definitions; IV/Greeks not supplied,True,True
2024-09-04,PLTR  241011C00034000,2024-10-11,34,call,0.762307692308,13,991,37,30.5900001526,0.111474332475,,,,,,DataBento OPRA.PILLAR OHLCV-1d aggregate + local validated call definitions; IV/Greeks not supplied,True,True
2024-09-04,PLTR  241011C00035000,2024-10-11,35,call,0.55,53,2915,37,30.5900001526,0.144164754018,,,,,,DataBento OPRA.PILLAR OHLCV-1d aggregate + local validated call definitions; IV/Greeks not supplied,True,True
2024-09-04,PLTR  241011C00036000,2024-10-11,36,call,0.35,4,140,37,30.5900001526,0.176855175561,,,,,,DataBento OPRA.PILLAR OHLCV-1d aggregate + local validated call definitions; IV/Greeks not supplied,True,True
2024-09-04,PLTR  241011C00039000,2024-10-11,39,call,0.179090909091,11,197,37,30.5900001526,0.274926440192,,,,,,DataBento OPRA.PILLAR OHLCV-1d aggregate + local validated call definitions; IV/Greeks not supplied,True,True
2024-09-04,PLTR  241011C00040000,2024-10-11,40,call,0.15,3,45,37,30.5900001526,0.307616861735,,,,,,DataBento OPRA.PILLAR OHLCV-1d aggregate + local validated call definitions; IV/Greeks not supplied,True,True
2024-09-04,PLTR  241018C00034000,2024-10-18,34,call,0.9221375,800,73771,44,30.5900001526,0.111474332475,,,,,,DataBento OPRA.PILLAR OHLCV-1d aggregate + local validated call definitions; IV/Greeks not supplied,True,True
2024-09-04,PLTR  241018C00037000,2024-10-18,37,call,0.356808510638,282,10062,44,30.5900001526,0.209545597105,,,,,,DataBento OPRA.PILLAR OHLCV-1d aggregate + local validated call definitions; IV/Greeks not supplied,True,True
2024-09-04,PLTR  241018C00039000,2024-10-18,39,call,0.225259259259,135,3041,44,30.5900001526,0.274926440192,,,,,,DataBento OPRA.PILLAR OHLCV-1d aggregate + local validated call definitions; IV/Greeks not supplied,True,True
2024-09-04,PLTR  241018C00040000,2024-10-18,40,call,0.170858333333,1200,20503,44,30.5900001526,0.307616861735,,,,,,DataBento OPRA.PILLAR OHLCV-1d aggregate + local validated call definitions; IV/Greeks not supplied,True,True
2024-09-04,PLTR  241018C00041000,2024-10-18,41,call,0.128571428571,28,360,44,30.5900001526,0.340307283278,,,,,,DataBento OPRA.PILLAR OHLCV-1d aggregate + local validated call definitions; IV/Greeks not supplied,True,True
2024-09-04,PLTR  241018C00043000,2024-10-18,43,call,0.0883333333333,30,265,44,30.5900001526,0.405688126365,,,,,,DataBento OPRA.PILLAR OHLCV-1d aggregate + local validated call definitions; IV/Greeks not supplied,True,True
2024-09-04,PLTR  241018C00044000,2024-10-18,44,call,0.0927272727273,11,102,44,30.5900001526,0.438378547908,,,,,,DataBento OPRA.PILLAR OHLCV-1d aggregate + local validated call definitions; IV/Greeks not supplied,True,True
2024-09-04,PLTR  241115C00036000,2024-11-15,36,call,1.4635,80,11708,72,30.5900001526,0.176855175561,,,,,,DataBento OPRA.PILLAR OHLCV-1d aggregate + local validated call definitions; IV/Greeks not supplied,True,True
2024-09-04,PLTR  241115C00037000,2024-11-15,37,call,1.20647058824,34,4102,72,30.5900001526,0.209545597105,,,,,,DataBento OPRA.PILLAR OHLCV-1d aggregate + local validated call definitions; IV/Greeks not supplied,True,True
2024-09-04,PLTR  241115C00039000,2024-11-15,39,call,0.884618937644,433,38304,72,30.5900001526,0.274926440192,,,,,,DataBento OPRA.PILLAR OHLCV-1d aggregate + local validated call definitions; IV/Greeks not supplied,True,True
2024-09-04,PLTR  241115C00040000,2024-11-15,40,call,0.675833333333,36,2433,72,30.5900001526,0.307616861735,,,,,,DataBento OPRA.PILLAR OHLCV-1d aggregate + local validated call definitions; IV/Greeks not supplied,True,True
2024-09-04,PLTR  241115C00042000,2024-11-15,42,call,0.488260869565,46,2246,72,30.5900001526,0.372997704822,,,,,,DataBento OPRA.PILLAR OHLCV-1d aggregate + local validated call definitions; IV/Greeks not supplied,True,True
2024-09-04,PLTR  241115C00043000,2024-11-15,43,call,0.473055555556,36,1703,72,30.5900001526,0.405688126365,,,,,,DataBento OPRA.PILLAR OHLCV-1d aggregate + local validated call definitions; IV/Greeks not supplied,True,True
2024-09-04,PLTR  241115C00044000,2024-11-15,44,call,0.362727272727,110,3990,72,30.5900001526,0.438378547908,,,,,,DataBento OPRA.PILLAR OHLCV-1d aggregate + local validated call definitions; IV/Greeks not supplied,True,True
2024-09-04,PLTR  241115C00045000,2024-11-15,45,call,0.256666666667,12,308,72,30.5900001526,0.471068969452,,,,,,DataBento OPRA.PILLAR OHLCV-1d aggregate + local validated call definitions; IV/Greeks not supplied,True,True
2024-09-04,PLTR  241115C00046000,2024-11-15,46,call,0.214705882353,17,365,72,30.5900001526,0.503759390995,,,,,,DataBento OPRA.PILLAR OHLCV-1d aggregate + local validated call definitions; IV/Greeks not supplied,True,True
2024-09-04,PLTR  241115C00048000,2024-11-15,48,call,0.2,5,100,72,30.5900001526,0.569140234082,,,,,,DataBento OPRA.PILLAR OHLCV-1d aggregate + local validated call definitions; IV/Greeks not supplied,True,True
2024-09-04,PLTR  241220C00036000,2024-12-20,36,call,1.79666666667,6,1078,107,30.5900001526,0.176855175561,,,,,,DataBento OPRA.PILLAR OHLCV-1d aggregate + local validated call definitions; IV/Greeks not supplied,True,True
2024-09-04,PLTR  241220C00037000,2024-12-20,37,call,1.64923076923,13,2144,107,30.5900001526,0.209545597105,,,,,,DataBento OPRA.PILLAR OHLCV-1d aggregate + local validated call definitions; IV/Greeks not supplied,True,True
2024-09-04,PLTR  241220C00038000,2024-12-20,38,call,1.18166666667,12,1418,107,30.5900001526,0.242236018648,,,,,,DataBento OPRA.PILLAR OHLCV-1d aggregate + local validated call definitions; IV/Greeks not supplied,True,True
2024-09-04,PLTR  241220C00040000,2024-12-20,40,call,1.07092651757,313,33520,107,30.5900001526,0.307616861735,,,,,,DataBento OPRA.PILLAR OHLCV-1d aggregate + local validated call definitions; IV/Greeks not supplied,True,True
2024-09-04,PLTR  241220C00041000,2024-12-20,41,call,0.734545454545,11,808,107,30.5900001526,0.340307283278,,,,,,DataBento OPRA.PILLAR OHLCV-1d aggregate + local validated call definitions; IV/Greeks not supplied,True,True
2024-09-04,PLTR  241220C00042000,2024-12-20,42,call,0.612235294118,85,5204,107,30.5900001526,0.372997704822,,,,,,DataBento OPRA.PILLAR OHLCV-1d aggregate + local validated call definitions; IV/Greeks not supplied,True,True
2024-09-04,PLTR  241220C00043000,2024-12-20,43,call,0.69,33,2277,107,30.5900001526,0.405688126365,,,,,,DataBento OPRA.PILLAR OHLCV-1d aggregate + local validated call definitions; IV/Greeks not supplied,True,True
2024-09-04,PLTR  241220C00044000,2024-12-20,44,call,0.54,20,1080,107,30.5900001526,0.438378547908,,,,,,DataBento OPRA.PILLAR OHLCV-1d aggregate + local validated call definitions; IV/Greeks not supplied,True,True
2024-09-04,PLTR  241220C00045000,2024-12-20,45,call,0.458550724638,138,6328,107,30.5900001526,0.471068969452,,,,,,DataBento OPRA.PILLAR OHLCV-1d aggregate + local validated call definitions; IV/Greeks not supplied,True,True
2024-09-04,PLTR  241220C00046000,2024-12-20,46,call,0.46,3,138,107,30.5900001526,0.503759390995,,,,,,DataBento OPRA.PILLAR OHLCV-1d aggregate + local validated call definitions; IV/Greeks not supplied,True,True
2024-09-04,PLTR  241220C00047000,2024-12-20,47,call,0.395882352941,17,673,107,30.5900001526,0.536449812539,,,,,,DataBento OPRA.PILLAR OHLCV-1d aggregate + local validated call definitions; IV/Greeks not supplied,True,True
2024-09-04,PLTR  250117C00042000,2025-01-17,42,call,0.944615384615,13,1228,135,30.5900001526,0.372997704822,,,,,,DataBento OPRA.PILLAR OHLCV-1d aggregate + local validated call definitions; IV/Greeks not supplied,True,True
2024-09-04,PLTR  250117C00043000,2025-01-17,43,call,0.865833333333,12,1039,135,30.5900001526,0.405688126365,,,,,,DataBento OPRA.PILLAR OHLCV-1d aggregate + local validated call definitions; IV/Greeks not supplied,True,True
2024-09-04,PLTR  250117C00046000,2025-01-17,46,call,0.611538461538,13,795,135,30.5900001526,0.503759390995,,,,,,DataBento OPRA.PILLAR OHLCV-1d aggregate + local validated call definitions; IV/Greeks not supplied,True,True
2024-09-04,PLTR  250117C00047000,2025-01-17,47,call,0.453333333333,3,136,135,30.5900001526,0.536449812539,,,,,,DataBento OPRA.PILLAR OHLCV-1d aggregate + local validated call definitions; IV/Greeks not supplied,True,True
2024-09-05,PLTR  240906C00025000,2024-09-06,25,call,5.47133333333,30,16414,1,30.1599998474,-0.171087528963,,,,,,DataBento OPRA.PILLAR OHLCV-1d aggregate + local validated call definitions; IV/Greeks not supplied,True,True
2024-09-05,PLTR  240906C00025500,2024-09-06,25.5,call,5.21,4,2084,1,30.1599998474,-0.154509279542,,,,,,DataBento OPRA.PILLAR OHLCV-1d aggregate + local validated call definitions; IV/Greeks not supplied,True,True
2024-09-05,PLTR  240906C00026000,2024-09-06,26,call,4.37179487179,39,17050,1,30.1599998474,-0.137931030121,,,,,,DataBento OPRA.PILLAR OHLCV-1d aggregate + local validated call definitions; IV/Greeks not supplied,True,True
2024-09-05,PLTR  240906C00026500,2024-09-06,26.5,call,3.675,6,2205,1,30.1599998474,-0.121352780701,,,,,,DataBento OPRA.PILLAR OHLCV-1d aggregate + local validated call definitions; IV/Greeks not supplied,True,True
2024-09-05,PLTR  240906C00027500,2024-09-06,27.5,call,2.9975,20,5995,1,30.1599998474,-0.0881962818591,,,,,,DataBento OPRA.PILLAR OHLCV-1d aggregate + local validated call definitions; IV/Greeks not supplied,True,True
2024-09-05,PLTR  240906C00028000,2024-09-06,28,call,2.26844488189,508,115237,1,30.1599998474,-0.0716180324383,,,,,,DataBento OPRA.PILLAR OHLCV-1d aggregate + local validated call definitions; IV/Greeks not supplied,True,True
2024-09-05,PLTR  240906C00028500,2024-09-06,28.5,call,2.00494623656,651,130522,1,30.1599998474,-0.0550397830176,,,,,,DataBento OPRA.PILLAR OHLCV-1d aggregate + local validated call definitions; IV/Greeks not supplied,True,True
2024-09-05,PLTR  240906C00029000,2024-09-06,29,call,1.55723451327,452,70387,1,30.1599998474,-0.0384615335968,,,,,,DataBento OPRA.PILLAR OHLCV-1d aggregate + local validated call definitions; IV/Greeks not supplied,True,True
2024-09-05,PLTR  240906C00029500,2024-09-06,29.5,call,1.22059171598,169,20628,1,30.1599998474,-0.0218832841761,,,,,,DataBento OPRA.PILLAR OHLCV-1d aggregate + local validated call definitions; IV/Greeks not supplied,True,True
2024-09-05,PLTR  240906C00030500,2024-09-06,30.5,call,0.735932261375,2923,215113,1,30.1599998474,0.0112732146654,,,,,,DataBento OPRA.PILLAR OHLCV-1d aggregate + local validated call definitions; IV/Greeks not supplied,True,True
2024-09-05,PLTR  240906C00031000,2024-09-06,31,call,0.517945964088,5959,308644,1,30.1599998474,0.0278514640861,,,,,,DataBento OPRA.PILLAR OHLCV-1d aggregate + local validated call definitions; IV/Greeks not supplied,True,True
2024-09-05,PLTR  240906C00031500,2024-09-06,31.5,call,0.348847532077,8651,301788,1,30.1599998474,0.0444297135069,,,,,,DataBento OPRA.PILLAR OHLCV-1d aggregate + local validated call definitions; IV/Greeks not supplied,True,True
2024-09-05,PLTR  240906C00032000,2024-09-06,32,call,0.212026302971,4106,87058,1,30.1599998474,0.0610079629276,,,,,,DataBento OPRA.PILLAR OHLCV-1d aggregate + local validated call definitions; IV/Greeks not supplied,True,True
2024-09-05,PLTR  240906C00032500,2024-09-06,32.5,call,0.126322532027,3981,50289,1,30.1599998474,0.0775862123484,,,,,,DataBento OPRA.PILLAR OHLCV-1d aggregate + local validated call definitions; IV/Greeks not supplied,True,True
2024-09-05,PLTR  240906C00033000,2024-09-06,33,call,0.0655439398889,6122,40126,1,30.1599998474,0.0941644617691,,,,,,DataBento OPRA.PILLAR OHLCV-1d aggregate + local validated call definitions; IV/Greeks not supplied,True,True
2024-09-05,PLTR  240906C00034000,2024-09-06,34,call,0.0243721719457,1768,4309,1,30.1599998474,0.127320960611,,,,,,DataBento OPRA.PILLAR OHLCV-1d aggregate + local validated call definitions; IV/Greeks not supplied,True,True
2024-09-05,PLTR  240906C00034500,2024-09-06,34.5,call,0.0148648648649,407,605,1,30.1599998474,0.143899210031,,,,,,DataBento OPRA.PILLAR OHLCV-1d aggregate + local validated call definitions; IV/Greeks not supplied,True,True
2024-09-05,PLTR  240906C00035000,2024-09-06,35,call,0.01,2424,2424,1,30.1599998474,0.160477459452,,,,,,DataBento OPRA.PILLAR OHLCV-1d aggregate + local validated call definitions; IV/Greeks not supplied,True,True
2024-09-05,PLTR  240906C00036000,2024-09-06,36,call,0.0105357142857,56,59,1,30.1599998474,0.193633958294,,,,,,DataBento OPRA.PILLAR OHLCV-1d aggregate + local validated call definitions; IV/Greeks not supplied,True,True
2024-09-05,PLTR  240913C00028000,2024-09-13,28,call,2.71315068493,73,19806,8,30.1599998474,-0.0716180324383,,,,,,DataBento OPRA.PILLAR OHLCV-1d aggregate + local validated call definitions; IV/Greeks not supplied,True,True
2024-09-05,PLTR  240913C00028500,2024-09-13,28.5,call,2.2975,8,1838,8,30.1599998474,-0.0550397830176,,,,,,DataBento OPRA.PILLAR OHLCV-1d aggregate + local validated call definitions; IV/Greeks not supplied,True,True
2024-09-05,PLTR  240913C00030000,2024-09-13,30,call,1.35566807314,1422,192776,8,30.1599998474,-0.00530503475536,,,,,,DataBento OPRA.PILLAR OHLCV-1d aggregate + local validated call definitions; IV/Greeks not supplied,True,True
2024-09-05,PLTR  240913C00030500,2024-09-13,30.5,call,1.10995680346,1852,205564,8,30.1599998474,0.0112732146654,,,,,,DataBento OPRA.PILLAR OHLCV-1d aggregate + local validated call definitions; IV/Greeks not supplied,True,True
2024-09-05,PLTR  240913C00031000,2024-09-13,31,call,0.882391970058,2939,259335,8,30.1599998474,0.0278514640861,,,,,,DataBento OPRA.PILLAR OHLCV-1d aggregate + local validated call definitions; IV/Greeks not supplied,True,True
2024-09-05,PLTR  240913C00033000,2024-09-13,33,call,0.294885588117,2491,73456,8,30.1599998474,0.0941644617691,,,,,,DataBento OPRA.PILLAR OHLCV-1d aggregate + local validated call definitions; IV/Greeks not supplied,True,True
2024-09-05,PLTR  240913C00033500,2024-09-13,33.5,call,0.2300498132,803,18473,8,30.1599998474,0.11074271119,,,,,,DataBento OPRA.PILLAR OHLCV-1d aggregate + local validated call definitions; IV/Greeks not supplied,True,True
2024-09-05,PLTR  240913C00034000,2024-09-13,34,call,0.153481910275,6910,106056,8,30.1599998474,0.127320960611,,,,,,DataBento OPRA.PILLAR OHLCV-1d aggregate + local validated call definitions; IV/Greeks not supplied,True,True
2024-09-05,PLTR  240913C00034500,2024-09-13,34.5,call,0.121883333333,600,7313,8,30.1599998474,0.143899210031,,,,,,DataBento OPRA.PILLAR OHLCV-1d aggregate + local validated call definitions; IV/Greeks not supplied,True,True
2024-09-05,PLTR  240913C00035500,2024-09-13,35.5,call,0.0607594936709,79,480,8,30.1599998474,0.177055708873,,,,,,DataBento OPRA.PILLAR OHLCV-1d aggregate + local validated call definitions; IV/Greeks not supplied,True,True
2024-09-05,PLTR  240913C00036000,2024-09-13,36,call,0.0505899705015,339,1715,8,30.1599998474,0.193633958294,,,,,,DataBento OPRA.PILLAR OHLCV-1d aggregate + local validated call definitions; IV/Greeks not supplied,True,True
2024-09-05,PLTR  240913C00036500,2024-09-13,36.5,call,0.06,1,6,8,30.1599998474,0.210212207714,,,,,,DataBento OPRA.PILLAR OHLCV-1d aggregate + local validated call definitions; IV/Greeks not supplied,True,True
2024-09-05,PLTR  240913C00037000,2024-09-13,37,call,0.0350458715596,109,382,8,30.1599998474,0.226790457135,,,,,,DataBento OPRA.PILLAR OHLCV-1d aggregate + local validated call definitions; IV/Greeks not supplied,True,True
2024-09-05,PLTR  240913C00037500,2024-09-13,37.5,call,0.03,6,18,8,30.1599998474,0.243368706556,,,,,,DataBento OPRA.PILLAR OHLCV-1d aggregate + local validated call definitions; IV/Greeks not supplied,True,True
2024-09-05,PLTR  240920C00028500,2024-09-20,28.5,call,2.58697247706,109,28198,15,30.1599998474,-0.0550397830176,,,,,,DataBento OPRA.PILLAR OHLCV-1d aggregate + local validated call definitions; IV/Greeks not supplied,True,True
2024-09-05,PLTR  240920C00029000,2024-09-20,29,call,2.2397972973,148,33149,15,30.1599998474,-0.0384615335968,,,,,,DataBento OPRA.PILLAR OHLCV-1d aggregate + local validated call definitions; IV/Greeks not supplied,True,True
2024-09-05,PLTR  240920C00029500,2024-09-20,29.5,call,1.9101369863,73,13944,15,30.1599998474,-0.0218832841761,,,,,,DataBento OPRA.PILLAR OHLCV-1d aggregate + local validated call definitions; IV/Greeks not supplied,True,True
2024-09-05,PLTR  240920C00030000,2024-09-20,30,call,1.60297750923,2979,477527,15,30.1599998474,-0.00530503475536,,,,,,DataBento OPRA.PILLAR OHLCV-1d aggregate + local validated call definitions; IV/Greeks not supplied,True,True
2024-09-05,PLTR  240920C00030500,2024-09-20,30.5,call,1.38792584009,863,119778,15,30.1599998474,0.0112732146654,,,,,,DataBento OPRA.PILLAR OHLCV-1d aggregate + local validated call definitions; IV/Greeks not supplied,True,True
2024-09-05,PLTR  240920C00032000,2024-09-20,32,call,0.777104446743,967,75146,15,30.1599998474,0.0610079629276,,,,,,DataBento OPRA.PILLAR OHLCV-1d aggregate + local validated call definitions; IV/Greeks not supplied,True,True
2024-09-05,PLTR  240920C00033000,2024-09-20,33,call,0.511882750846,887,45404,15,30.1599998474,0.0941644617691,,,,,,DataBento OPRA.PILLAR OHLCV-1d aggregate + local validated call definitions; IV/Greeks not supplied,True,True
2024-09-05,PLTR  240920C00033500,2024-09-20,33.5,call,0.47776744186,215,10272,15,30.1599998474,0.11074271119,,,,,,DataBento OPRA.PILLAR OHLCV-1d aggregate + local validated call definitions; IV/Greeks not supplied,True,True
2024-09-05,PLTR  240920C00034000,2024-09-20,34,call,0.314875776398,322,10139,15,30.1599998474,0.127320960611,,,,,,DataBento OPRA.PILLAR OHLCV-1d aggregate + local validated call definitions; IV/Greeks not supplied,True,True
2024-09-05,PLTR  240920C00034500,2024-09-20,34.5,call,0.261777777778,45,1178,15,30.1599998474,0.143899210031,,,,,,DataBento OPRA.PILLAR OHLCV-1d aggregate + local validated call definitions; IV/Greeks not supplied,True,True
2024-09-05,PLTR  240920C00035000,2024-09-20,35,call,0.190149100257,1945,36984,15,30.1599998474,0.160477459452,,,,,,DataBento OPRA.PILLAR OHLCV-1d aggregate + local validated call definitions; IV/Greeks not supplied,True,True
2024-09-05,PLTR  240920C00035500,2024-09-20,35.5,call,0.139756097561,41,573,15,30.1599998474,0.177055708873,,,,,,DataBento OPRA.PILLAR OHLCV-1d aggregate + local validated call definitions; IV/Greeks not supplied,True,True
2024-09-05,PLTR  240920C00038000,2024-09-20,38,call,0.0514814814815,27,139,15,30.1599998474,0.259946955977,,,,,,DataBento OPRA.PILLAR OHLCV-1d aggregate + local validated call definitions; IV/Greeks not supplied,True,True
2024-09-05,PLTR  240920C00039000,2024-09-20,39,call,0.0495,20,99,15,30.1599998474,0.293103454818,,,,,,DataBento OPRA.PILLAR OHLCV-1d aggregate + local validated call definitions; IV/Greeks not supplied,True,True
2024-09-05,PLTR  240927C00029000,2024-09-27,29,call,2.47870588235,85,21069,22,30.1599998474,-0.0384615335968,,,,,,DataBento OPRA.PILLAR OHLCV-1d aggregate + local validated call definitions; IV/Greeks not supplied,True,True
2024-09-05,PLTR  240927C00031000,2024-09-27,31,call,1.35331288344,163,22059,22,30.1599998474,0.0278514640861,,,,,,DataBento OPRA.PILLAR OHLCV-1d aggregate + local validated call definitions; IV/Greeks not supplied,True,True
2024-09-05,PLTR  240927C00035000,2024-09-27,35,call,0.312877358491,212,6633,22,30.1599998474,0.160477459452,,,,,,DataBento OPRA.PILLAR OHLCV-1d aggregate + local validated call definitions; IV/Greeks not supplied,True,True
2024-09-05,PLTR  240927C00037000,2024-09-27,37,call,0.168571428571,49,826,22,30.1599998474,0.226790457135,,,,,,DataBento OPRA.PILLAR OHLCV-1d aggregate + local validated call definitions; IV/Greeks not supplied,True,True
2024-09-05,PLTR  240927C00038000,2024-09-27,38,call,0.0975,4,39,22,30.1599998474,0.259946955977,,,,,,DataBento OPRA.PILLAR OHLCV-1d aggregate + local validated call definitions; IV/Greeks not supplied,True,True
2024-09-05,PLTR  240927C00040000,2024-09-27,40,call,0.0725274725275,91,660,22,30.1599998474,0.32625995366,,,,,,DataBento OPRA.PILLAR OHLCV-1d aggregate + local validated call definitions; IV/Greeks not supplied,True,True
2024-09-05,PLTR  240927C00041000,2024-09-27,41,call,0.059801980198,101,604,22,30.1599998474,0.359416452501,,,,,,DataBento OPRA.PILLAR OHLCV-1d aggregate + local validated call definitions; IV/Greeks not supplied,True,True
2024-09-05,PLTR  241004C00029000,2024-10-04,29,call,2.52826086957,46,11630,29,30.1599998474,-0.0384615335968,,,,,,DataBento OPRA.PILLAR OHLCV-1d aggregate + local validated call definitions; IV/Greeks not supplied,True,True
2024-09-05,PLTR  241004C00030000,2024-10-04,30,call,1.96868055556,144,28349,29,30.1599998474,-0.00530503475536,,,,,,DataBento OPRA.PILLAR OHLCV-1d aggregate + local validated call definitions; IV/Greeks not supplied,True,True
2024-09-05,PLTR  241004C00031000,2024-10-04,31,call,1.53925714286,175,26937,29,30.1599998474,0.0278514640861,,,,,,DataBento OPRA.PILLAR OHLCV-1d aggregate + local validated call definitions; IV/Greeks not supplied,True,True
2024-09-05,PLTR  241004C00032000,2024-10-04,32,call,1.11392156863,51,5681,29,30.1599998474,0.0610079629276,,,,,,DataBento OPRA.PILLAR OHLCV-1d aggregate + local validated call definitions; IV/Greeks not supplied,True,True
2024-09-05,PLTR  241004C00033000,2024-10-04,33,call,0.83756097561,164,13736,29,30.1599998474,0.0941644617691,,,,,,DataBento OPRA.PILLAR OHLCV-1d aggregate + local validated call definitions; IV/Greeks not supplied,True,True
2024-09-05,PLTR  241004C00035000,2024-10-04,35,call,0.42859375,64,2743,29,30.1599998474,0.160477459452,,,,,,DataBento OPRA.PILLAR OHLCV-1d aggregate + local validated call definitions; IV/Greeks not supplied,True,True
2024-09-05,PLTR  241004C00036000,2024-10-04,36,call,0.326363636364,11,359,29,30.1599998474,0.193633958294,,,,,,DataBento OPRA.PILLAR OHLCV-1d aggregate + local validated call definitions; IV/Greeks not supplied,True,True
2024-09-05,PLTR  241004C00037000,2024-10-04,37,call,0.403333333333,6,242,29,30.1599998474,0.226790457135,,,,,,DataBento OPRA.PILLAR OHLCV-1d aggregate + local validated call definitions; IV/Greeks not supplied,True,True
2024-09-05,PLTR  241004C00038000,2024-10-04,38,call,0.183888888889,36,662,29,30.1599998474,0.259946955977,,,,,,DataBento OPRA.PILLAR OHLCV-1d aggregate + local validated call definitions; IV/Greeks not supplied,True,True
2024-09-05,PLTR  241004C00039000,2024-10-04,39,call,0.11,1,11,29,30.1599998474,0.293103454818,,,,,,DataBento OPRA.PILLAR OHLCV-1d aggregate + local validated call definitions; IV/Greeks not supplied,True,True
2024-09-05,PLTR  241004C00040000,2024-10-04,40,call,0.100641025641,78,785,29,30.1599998474,0.32625995366,,,,,,DataBento OPRA.PILLAR OHLCV-1d aggregate + local validated call definitions; IV/Greeks not supplied,True,True
2024-09-05,PLTR  241011C00033000,2024-10-11,33,call,1.04307692308,26,2712,36,30.1599998474,0.0941644617691,,,,,,DataBento OPRA.PILLAR OHLCV-1d aggregate + local validated call definitions; IV/Greeks not supplied,True,True
2024-09-05,PLTR  241011C00034000,2024-10-11,34,call,0.735,2,147,36,30.1599998474,0.127320960611,,,,,,DataBento OPRA.PILLAR OHLCV-1d aggregate + local validated call definitions; IV/Greeks not supplied,True,True
2024-09-05,PLTR  241011C00035000,2024-10-11,35,call,0.532857142857,42,2238,36,30.1599998474,0.160477459452,,,,,,DataBento OPRA.PILLAR OHLCV-1d aggregate + local validated call definitions; IV/Greeks not supplied,True,True
2024-09-05,PLTR  241011C00036000,2024-10-11,36,call,0.38,8,304,36,30.1599998474,0.193633958294,,,,,,DataBento OPRA.PILLAR OHLCV-1d aggregate + local validated call definitions; IV/Greeks not supplied,True,True
2024-09-05,PLTR  241011C00038000,2024-10-11,38,call,0.2403125,32,769,36,30.1599998474,0.259946955977,,,,,,DataBento OPRA.PILLAR OHLCV-1d aggregate + local validated call definitions; IV/Greeks not supplied,True,True
2024-09-05,PLTR  241011C00039000,2024-10-11,39,call,0.17,9,153,36,30.1599998474,0.293103454818,,,,,,DataBento OPRA.PILLAR OHLCV-1d aggregate + local validated call definitions; IV/Greeks not supplied,True,True
2024-09-05,PLTR  241011C00040000,2024-10-11,40,call,0.125384615385,26,326,36,30.1599998474,0.32625995366,,,,,,DataBento OPRA.PILLAR OHLCV-1d aggregate + local validated call definitions; IV/Greeks not supplied,True,True
2024-09-05,PLTR  241018C00034000,2024-10-18,34,call,0.865647149461,1298,112361,43,30.1599998474,0.127320960611,,,,,,DataBento OPRA.PILLAR OHLCV-1d aggregate + local validated call definitions; IV/Greeks not supplied,True,True
2024-09-05,PLTR  241018C00037000,2024-10-18,37,call,0.378955223881,67,2539,43,30.1599998474,0.226790457135,,,,,,DataBento OPRA.PILLAR OHLCV-1d aggregate + local validated call definitions; IV/Greeks not supplied,True,True
2024-09-05,PLTR  241018C00039000,2024-10-18,39,call,0.2,2,40,43,30.1599998474,0.293103454818,,,,,,DataBento OPRA.PILLAR OHLCV-1d aggregate + local validated call definitions; IV/Greeks not supplied,True,True
2024-09-05,PLTR  241018C00040000,2024-10-18,40,call,0.159195804196,286,4553,43,30.1599998474,0.32625995366,,,,,,DataBento OPRA.PILLAR OHLCV-1d aggregate + local validated call definitions; IV/Greeks not supplied,True,True
2024-09-05,PLTR  241018C00041000,2024-10-18,41,call,0.123803418803,234,2897,43,30.1599998474,0.359416452501,,,,,,DataBento OPRA.PILLAR OHLCV-1d aggregate + local validated call definitions; IV/Greeks not supplied,True,True
2024-09-05,PLTR  241018C00044000,2024-10-18,44,call,0.0576470588235,17,98,43,30.1599998474,0.458885949025,,,,,,DataBento OPRA.PILLAR OHLCV-1d aggregate + local validated call definitions; IV/Greeks not supplied,True,True
2024-09-05,PLTR  241025C00032000,2024-10-25,32,call,1.525,6,915,50,30.1599998474,0.0610079629276,,,,,,DataBento OPRA.PILLAR OHLCV-1d aggregate + local validated call definitions; IV/Greeks not supplied,True,True
2024-09-05,PLTR  241025C00038000,2024-10-25,38,call,0.305,10,305,50,30.1599998474,0.259946955977,,,,,,DataBento OPRA.PILLAR OHLCV-1d aggregate + local validated call definitions; IV/Greeks not supplied,True,True
2024-09-05,PLTR  241115C00036000,2024-11-15,36,call,1.335,18,2403,71,30.1599998474,0.193633958294,,,,,,DataBento OPRA.PILLAR OHLCV-1d aggregate + local validated call definitions; IV/Greeks not supplied,True,True
2024-09-05,PLTR  241115C00037000,2024-11-15,37,call,1.12021978022,91,10194,71,30.1599998474,0.226790457135,,,,,,DataBento OPRA.PILLAR OHLCV-1d aggregate + local validated call definitions; IV/Greeks not supplied,True,True
2024-09-05,PLTR  241115C00039000,2024-11-15,39,call,0.833333333333,3,250,71,30.1599998474,0.293103454818,,,,,,DataBento OPRA.PILLAR OHLCV-1d aggregate + local validated call definitions; IV/Greeks not supplied,True,True
2024-09-05,PLTR  241115C00040000,2024-11-15,40,call,0.687196261682,107,7353,71,30.1599998474,0.32625995366,,,,,,DataBento OPRA.PILLAR OHLCV-1d aggregate + local validated call definitions; IV/Greeks not supplied,True,True
2024-09-05,PLTR  241115C00042000,2024-11-15,42,call,0.505714285714,7,354,71,30.1599998474,0.392572951342,,,,,,DataBento OPRA.PILLAR OHLCV-1d aggregate + local validated call definitions; IV/Greeks not supplied,True,True
2024-09-05,PLTR  241115C00043000,2024-11-15,43,call,0.41,1,41,71,30.1599998474,0.425729450184,,,,,,DataBento OPRA.PILLAR OHLCV-1d aggregate + local validated call definitions; IV/Greeks not supplied,True,True
2024-09-05,PLTR  241115C00044000,2024-11-15,44,call,0.36,50,1800,71,30.1599998474,0.458885949025,,,,,,DataBento OPRA.PILLAR OHLCV-1d aggregate + local validated call definitions; IV/Greeks not supplied,True,True
2024-09-05,PLTR  241115C00045000,2024-11-15,45,call,0.322307692308,13,419,71,30.1599998474,0.492042447867,,,,,,DataBento OPRA.PILLAR OHLCV-1d aggregate + local validated call definitions; IV/Greeks not supplied,True,True
2024-09-05,PLTR  241220C00036000,2024-12-20,36,call,1.86,2,372,106,30.1599998474,0.193633958294,,,,,,DataBento OPRA.PILLAR OHLCV-1d aggregate + local validated call definitions; IV/Greeks not supplied,True,True
2024-09-05,PLTR  241220C00037000,2024-12-20,37,call,1.55,7,1085,106,30.1599998474,0.226790457135,,,,,,DataBento OPRA.PILLAR OHLCV-1d aggregate + local validated call definitions; IV/Greeks not supplied,True,True
2024-09-05,PLTR  241220C00038000,2024-12-20,38,call,1.36,12,1632,106,30.1599998474,0.259946955977,,,,,,DataBento OPRA.PILLAR OHLCV-1d aggregate + local validated call definitions; IV/Greeks not supplied,True,True
2024-09-05,PLTR  241220C00040000,2024-12-20,40,call,1.03625,152,15751,106,30.1599998474,0.32625995366,,,,,,DataBento OPRA.PILLAR OHLCV-1d aggregate + local validated call definitions; IV/Greeks not supplied,True,True
2024-09-05,PLTR  241220C00044000,2024-12-20,44,call,0.61,1,61,106,30.1599998474,0.458885949025,,,,,,DataBento OPRA.PILLAR OHLCV-1d aggregate + local validated call definitions; IV/Greeks not supplied,True,True
2024-09-05,PLTR  241220C00045000,2024-12-20,45,call,0.534166666667,12,641,106,30.1599998474,0.492042447867,,,,,,DataBento OPRA.PILLAR OHLCV-1d aggregate + local validated call definitions; IV/Greeks not supplied,True,True
2024-09-05,PLTR  241220C00046000,2024-12-20,46,call,0.467142857143,7,327,106,30.1599998474,0.525198946708,,,,,,DataBento OPRA.PILLAR OHLCV-1d aggregate + local validated call definitions; IV/Greeks not supplied,True,True
2024-09-05,PLTR  250117C00046000,2025-01-17,46,call,0.599411764706,17,1019,134,30.1599998474,0.525198946708,,,,,,DataBento OPRA.PILLAR OHLCV-1d aggregate + local validated call definitions; IV/Greeks not supplied,True,True
2024-09-06,PLTR  240906C00025000,2024-09-06,25,call,5.27219178082,73,38487,0,30.3299999237,-0.175733595025,,,,,,DataBento OPRA.PILLAR OHLCV-1d aggregate + local validated call definitions; IV/Greeks not supplied,True,True
2024-09-06,PLTR  240906C00025500,2024-09-06,25.5,call,5.30823529412,17,9024,0,30.3299999237,-0.159248266926,,,,,,DataBento OPRA.PILLAR OHLCV-1d aggregate + local validated call definitions; IV/Greeks not supplied,True,True
2024-09-06,PLTR  240906C00026000,2024-09-06,26,call,4.2913559322,59,25319,0,30.3299999237,-0.142762938826,,,,,,DataBento OPRA.PILLAR OHLCV-1d aggregate + local validated call definitions; IV/Greeks not supplied,True,True
2024-09-06,PLTR  240906C00026500,2024-09-06,26.5,call,3.47,8,2776,0,30.3299999237,-0.126277610727,,,,,,DataBento OPRA.PILLAR OHLCV-1d aggregate + local validated call definitions; IV/Greeks not supplied,True,True
2024-09-06,PLTR  240906C00027500,2024-09-06,27.5,call,2.815,38,10697,0,30.3299999237,-0.0933069545277,,,,,,DataBento OPRA.PILLAR OHLCV-1d aggregate + local validated call definitions; IV/Greeks not supplied,True,True
2024-09-06,PLTR  240906C00028000,2024-09-06,28,call,2.33439858491,848,197957,0,30.3299999237,-0.0768216264282,,,,,,DataBento OPRA.PILLAR OHLCV-1d aggregate + local validated call definitions; IV/Greeks not supplied,True,True
2024-09-06,PLTR  240906C00028500,2024-09-06,28.5,call,1.80822660099,203,36707,0,30.3299999237,-0.0603362983287,,,,,,DataBento OPRA.PILLAR OHLCV-1d aggregate + local validated call definitions; IV/Greeks not supplied,True,True
2024-09-06,PLTR  240906C00029000,2024-09-06,29,call,1.57209756098,1230,193368,0,30.3299999237,-0.0438509702292,,,,,,DataBento OPRA.PILLAR OHLCV-1d aggregate + local validated call definitions; IV/Greeks not supplied,True,True
2024-09-06,PLTR  240906C00029500,2024-09-06,29.5,call,1.24912339475,1791,223718,0,30.3299999237,-0.0273656421297,,,,,,DataBento OPRA.PILLAR OHLCV-1d aggregate + local validated call definitions; IV/Greeks not supplied,True,True
2024-09-06,PLTR  240906C00030500,2024-09-06,30.5,call,0.748212811579,18655,1395791,0,30.3299999237,0.00560501406929,,,,,,DataBento OPRA.PILLAR OHLCV-1d aggregate + local validated call definitions; IV/Greeks not supplied,True,True
2024-09-06,PLTR  240906C00031000,2024-09-06,31,call,0.570664468179,20317,1159419,0,30.3299999237,0.0220903421688,,,,,,DataBento OPRA.PILLAR OHLCV-1d aggregate + local validated call definitions; IV/Greeks not supplied,True,True
2024-09-06,PLTR  240906C00031500,2024-09-06,31.5,call,0.339972588738,21524,731757,0,30.3299999237,0.0385756702683,,,,,,DataBento OPRA.PILLAR OHLCV-1d aggregate + local validated call definitions; IV/Greeks not supplied,True,True
2024-09-06,PLTR  240906C00032000,2024-09-06,32,call,0.191742708634,13852,265602,0,30.3299999237,0.0550609983678,,,,,,DataBento OPRA.PILLAR OHLCV-1d aggregate + local validated call definitions; IV/Greeks not supplied,True,True
2024-09-06,PLTR  240906C00032500,2024-09-06,32.5,call,0.0968876028574,11059,107148,0,30.3299999237,0.0715463264673,,,,,,DataBento OPRA.PILLAR OHLCV-1d aggregate + local validated call definitions; IV/Greeks not supplied,True,True
2024-09-06,PLTR  240906C00033000,2024-09-06,33,call,0.0200434627716,14035,28131,0,30.3299999237,0.0880316545668,,,,,,DataBento OPRA.PILLAR OHLCV-1d aggregate + local validated call definitions; IV/Greeks not supplied,True,True
2024-09-06,PLTR  240906C00034000,2024-09-06,34,call,0.0117817679558,1448,1706,0,30.3299999237,0.121002310766,,,,,,DataBento OPRA.PILLAR OHLCV-1d aggregate + local validated call definitions; IV/Greeks not supplied,True,True
2024-09-06,PLTR  240906C00034500,2024-09-06,34.5,call,0.01,1253,1253,0,30.3299999237,0.137487638865,,,,,,DataBento OPRA.PILLAR OHLCV-1d aggregate + local validated call definitions; IV/Greeks not supplied,True,True
2024-09-06,PLTR  240906C00035000,2024-09-06,35,call,0.01,326,326,0,30.3299999237,0.153972966965,,,,,,DataBento OPRA.PILLAR OHLCV-1d aggregate + local validated call definitions; IV/Greeks not supplied,True,True
2024-09-06,PLTR  240906C00036000,2024-09-06,36,call,0.01,27,27,0,30.3299999237,0.186943623164,,,,,,DataBento OPRA.PILLAR OHLCV-1d aggregate + local validated call definitions; IV/Greeks not supplied,True,True
2024-09-06,PLTR  240913C00028000,2024-09-13,28,call,2.58607966457,477,123356,7,30.3299999237,-0.0768216264282,,,,,,DataBento OPRA.PILLAR OHLCV-1d aggregate + local validated call definitions; IV/Greeks not supplied,True,True
2024-09-06,PLTR  240913C00028500,2024-09-13,28.5,call,2.15794871795,117,25248,7,30.3299999237,-0.0603362983287,,,,,,DataBento OPRA.PILLAR OHLCV-1d aggregate + local validated call definitions; IV/Greeks not supplied,True,True
2024-09-06,PLTR  240913C00030000,2024-09-13,30,call,1.43614650617,6812,978303,7,30.3299999237,-0.0108803140302,,,,,,DataBento OPRA.PILLAR OHLCV-1d aggregate + local validated call definitions; IV/Greeks not supplied,True,True
2024-09-06,PLTR  240913C00030500,2024-09-13,30.5,call,1.20623003195,3756,453060,7,30.3299999237,0.00560501406929,,,,,,DataBento OPRA.PILLAR OHLCV-1d aggregate + local validated call definitions; IV/Greeks not supplied,True,True
2024-09-06,PLTR  240913C00031000,2024-09-13,31,call,0.962417771481,9881,950965,7,30.3299999237,0.0220903421688,,,,,,DataBento OPRA.PILLAR OHLCV-1d aggregate + local validated call definitions; IV/Greeks not supplied,True,True
2024-09-06,PLTR  240913C00033000,2024-09-13,33,call,0.344478801403,12548,432252,7,30.3299999237,0.0880316545668,,,,,,DataBento OPRA.PILLAR OHLCV-1d aggregate + local validated call definitions; IV/Greeks not supplied,True,True
2024-09-06,PLTR  240913C00033500,2024-09-13,33.5,call,0.276838124054,661,18299,7,30.3299999237,0.104516982666,,,,,,DataBento OPRA.PILLAR OHLCV-1d aggregate + local validated call definitions; IV/Greeks not supplied,True,True
2024-09-06,PLTR  240913C00034000,2024-09-13,34,call,0.202751046025,3824,77532,7,30.3299999237,0.121002310766,,,,,,DataBento OPRA.PILLAR OHLCV-1d aggregate + local validated call definitions; IV/Greeks not supplied,True,True
2024-09-06,PLTR  240913C00034500,2024-09-13,34.5,call,0.158639053254,169,2681,7,30.3299999237,0.137487638865,,,,,,DataBento OPRA.PILLAR OHLCV-1d aggregate + local validated call definitions; IV/Greeks not supplied,True,True
2024-09-06,PLTR  240913C00035500,2024-09-13,35.5,call,0.0935318275154,487,4555,7,30.3299999237,0.170458295064,,,,,,DataBento OPRA.PILLAR OHLCV-1d aggregate + local validated call definitions; IV/Greeks not supplied,True,True
2024-09-06,PLTR  240913C00036000,2024-09-13,36,call,0.0769645732689,1242,9559,7,30.3299999237,0.186943623164,,,,,,DataBento OPRA.PILLAR OHLCV-1d aggregate + local validated call definitions; IV/Greeks not supplied,True,True
2024-09-06,PLTR  240913C00036500,2024-09-13,36.5,call,0.0595652173913,46,274,7,30.3299999237,0.203428951263,,,,,,DataBento OPRA.PILLAR OHLCV-1d aggregate + local validated call definitions; IV/Greeks not supplied,True,True
2024-09-06,PLTR  240913C00037000,2024-09-13,37,call,0.0499085923218,1641,8190,7,30.3299999237,0.219914279363,,,,,,DataBento OPRA.PILLAR OHLCV-1d aggregate + local validated call definitions; IV/Greeks not supplied,True,True
2024-09-06,PLTR  240913C00037500,2024-09-13,37.5,call,0.0376271186441,59,222,7,30.3299999237,0.236399607462,,,,,,DataBento OPRA.PILLAR OHLCV-1d aggregate + local validated call definitions; IV/Greeks not supplied,True,True
2024-09-06,PLTR  240920C00028500,2024-09-20,28.5,call,2.72007092199,141,38353,14,30.3299999237,-0.0603362983287,,,,,,DataBento OPRA.PILLAR OHLCV-1d aggregate + local validated call definitions; IV/Greeks not supplied,True,True
2024-09-06,PLTR  240920C00029000,2024-09-20,29,call,2.25238451935,801,180416,14,30.3299999237,-0.0438509702292,,,,,,DataBento OPRA.PILLAR OHLCV-1d aggregate + local validated call definitions; IV/Greeks not supplied,True,True
2024-09-06,PLTR  240920C00029500,2024-09-20,29.5,call,1.96258258258,333,65354,14,30.3299999237,-0.0273656421297,,,,,,DataBento OPRA.PILLAR OHLCV-1d aggregate + local validated call definitions; IV/Greeks not supplied,True,True
2024-09-06,PLTR  240920C00030000,2024-09-20,30,call,1.72074213558,4514,776743,14,30.3299999237,-0.0108803140302,,,,,,DataBento OPRA.PILLAR OHLCV-1d aggregate + local validated call definitions; IV/Greeks not supplied,True,True
2024-09-06,PLTR  240920C00030500,2024-09-20,30.5,call,1.54878317152,1545,239287,14,30.3299999237,0.00560501406929,,,,,,DataBento OPRA.PILLAR OHLCV-1d aggregate + local validated call definitions; IV/Greeks not supplied,True,True
2024-09-06,PLTR  240920C00032000,2024-09-20,32,call,0.866476006855,4668,404471,14,30.3299999237,0.0550609983678,,,,,,DataBento OPRA.PILLAR OHLCV-1d aggregate + local validated call definitions; IV/Greeks not supplied,True,True
2024-09-06,PLTR  240920C00033000,2024-09-20,33,call,0.575823293173,2739,157718,14,30.3299999237,0.0880316545668,,,,,,DataBento OPRA.PILLAR OHLCV-1d aggregate + local validated call definitions; IV/Greeks not supplied,True,True
2024-09-06,PLTR  240920C00033500,2024-09-20,33.5,call,0.455592105263,152,6925,14,30.3299999237,0.104516982666,,,,,,DataBento OPRA.PILLAR OHLCV-1d aggregate + local validated call definitions; IV/Greeks not supplied,True,True
2024-09-06,PLTR  240920C00034000,2024-09-20,34,call,0.359086757991,876,31456,14,30.3299999237,0.121002310766,,,,,,DataBento OPRA.PILLAR OHLCV-1d aggregate + local validated call definitions; IV/Greeks not supplied,True,True
2024-09-06,PLTR  240920C00034500,2024-09-20,34.5,call,0.265616438356,365,9695,14,30.3299999237,0.137487638865,,,,,,DataBento OPRA.PILLAR OHLCV-1d aggregate + local validated call definitions; IV/Greeks not supplied,True,True
2024-09-06,PLTR  240920C00035000,2024-09-20,35,call,0.223651783973,5129,114711,14,30.3299999237,0.153972966965,,,,,,DataBento OPRA.PILLAR OHLCV-1d aggregate + local validated call definitions; IV/Greeks not supplied,True,True
2024-09-06,PLTR  240920C00035500,2024-09-20,35.5,call,0.149375,48,717,14,30.3299999237,0.170458295064,,,,,,DataBento OPRA.PILLAR OHLCV-1d aggregate + local validated call definitions; IV/Greeks not supplied,True,True
2024-09-06,PLTR  240920C00038000,2024-09-20,38,call,0.0580689655172,145,842,14,30.3299999237,0.252884935562,,,,,,DataBento OPRA.PILLAR OHLCV-1d aggregate + local validated call definitions; IV/Greeks not supplied,True,True
2024-09-06,PLTR  240920C00039000,2024-09-20,39,call,0.0339449541284,327,1110,14,30.3299999237,0.285855591761,,,,,,DataBento OPRA.PILLAR OHLCV-1d aggregate + local validated call definitions; IV/Greeks not supplied,True,True
2024-09-06,PLTR  240920C00042000,2024-09-20,42,call,0.0183333333333,6,11,14,30.3299999237,0.384767560358,,,,,,DataBento OPRA.PILLAR OHLCV-1d aggregate + local validated call definitions; IV/Greeks not supplied,True,True
2024-09-06,PLTR  240927C00029000,2024-09-27,29,call,2.35666666667,141,33229,21,30.3299999237,-0.0438509702292,,,,,,DataBento OPRA.PILLAR OHLCV-1d aggregate + local validated call definitions; IV/Greeks not supplied,True,True
2024-09-06,PLTR  240927C00031000,2024-09-27,31,call,1.39762867647,1088,152062,21,30.3299999237,0.0220903421688,,,,,,DataBento OPRA.PILLAR OHLCV-1d aggregate + local validated call definitions; IV/Greeks not supplied,True,True
2024-09-06,PLTR  240927C00035000,2024-09-27,35,call,0.373890784983,1465,54775,21,30.3299999237,0.153972966965,,,,,,DataBento OPRA.PILLAR OHLCV-1d aggregate + local validated call definitions; IV/Greeks not supplied,True,True
2024-09-06,PLTR  240927C00037000,2024-09-27,37,call,0.167027027027,148,2472,21,30.3299999237,0.219914279363,,,,,,DataBento OPRA.PILLAR OHLCV-1d aggregate + local validated call definitions; IV/Greeks not supplied,True,True
2024-09-06,PLTR  240927C00038000,2024-09-27,38,call,0.110491071429,672,7425,21,30.3299999237,0.252884935562,,,,,,DataBento OPRA.PILLAR OHLCV-1d aggregate + local validated call definitions; IV/Greeks not supplied,True,True
2024-09-06,PLTR  240927C00040000,2024-09-27,40,call,0.0652657004831,207,1351,21,30.3299999237,0.31882624796,,,,,,DataBento OPRA.PILLAR OHLCV-1d aggregate + local validated call definitions; IV/Greeks not supplied,True,True
2024-09-06,PLTR  240927C00041000,2024-09-27,41,call,0.0454166666667,24,109,21,30.3299999237,0.351796904159,,,,,,DataBento OPRA.PILLAR OHLCV-1d aggregate + local validated call definitions; IV/Greeks not supplied,True,True
2024-09-06,PLTR  240927C00044000,2024-09-27,44,call,0.04,50,200,21,30.3299999237,0.450708872756,,,,,,DataBento OPRA.PILLAR OHLCV-1d aggregate + local validated call definitions; IV/Greeks not supplied,True,True
2024-09-06,PLTR  241004C00029000,2024-10-04,29,call,2.5669047619,42,10781,28,30.3299999237,-0.0438509702292,,,,,,DataBento OPRA.PILLAR OHLCV-1d aggregate + local validated call definitions; IV/Greeks not supplied,True,True
2024-09-06,PLTR  241004C00030000,2024-10-04,30,call,2.16991137371,1354,293806,28,30.3299999237,-0.0108803140302,,,,,,DataBento OPRA.PILLAR OHLCV-1d aggregate + local validated call definitions; IV/Greeks not supplied,True,True
2024-09-06,PLTR  241004C00031000,2024-10-04,31,call,1.46237921604,1097,160423,28,30.3299999237,0.0220903421688,,,,,,DataBento OPRA.PILLAR OHLCV-1d aggregate + local validated call definitions; IV/Greeks not supplied,True,True
2024-09-06,PLTR  241004C00032000,2024-10-04,32,call,1.24063260341,411,50990,28,30.3299999237,0.0550609983678,,,,,,DataBento OPRA.PILLAR OHLCV-1d aggregate + local validated call definitions; IV/Greeks not supplied,True,True
2024-09-06,PLTR  241004C00033000,2024-10-04,33,call,0.889707602339,171,15214,28,30.3299999237,0.0880316545668,,,,,,DataBento OPRA.PILLAR OHLCV-1d aggregate + local validated call definitions; IV/Greeks not supplied,True,True
2024-09-06,PLTR  241004C00035000,2024-10-04,35,call,0.48298136646,161,7776,28,30.3299999237,0.153972966965,,,,,,DataBento OPRA.PILLAR OHLCV-1d aggregate + local validated call definitions; IV/Greeks not supplied,True,True
2024-09-06,PLTR  241004C00036000,2024-10-04,36,call,0.308245614035,57,1757,28,30.3299999237,0.186943623164,,,,,,DataBento OPRA.PILLAR OHLCV-1d aggregate + local validated call definitions; IV/Greeks not supplied,True,True
2024-09-06,PLTR  241004C00037000,2024-10-04,37,call,0.222857142857,7,156,28,30.3299999237,0.219914279363,,,,,,DataBento OPRA.PILLAR OHLCV-1d aggregate + local validated call definitions; IV/Greeks not supplied,True,True
2024-09-06,PLTR  241004C00038000,2024-10-04,38,call,0.165510204082,49,811,28,30.3299999237,0.252884935562,,,,,,DataBento OPRA.PILLAR OHLCV-1d aggregate + local validated call definitions; IV/Greeks not supplied,True,True
2024-09-06,PLTR  241004C00039000,2024-10-04,39,call,0.13,28,364,28,30.3299999237,0.285855591761,,,,,,DataBento OPRA.PILLAR OHLCV-1d aggregate + local validated call definitions; IV/Greeks not supplied,True,True
2024-09-06,PLTR  241004C00040000,2024-10-04,40,call,0.1035,40,414,28,30.3299999237,0.31882624796,,,,,,DataBento OPRA.PILLAR OHLCV-1d aggregate + local validated call definitions; IV/Greeks not supplied,True,True
2024-09-06,PLTR  241011C00033000,2024-10-11,33,call,1.00519083969,131,13168,35,30.3299999237,0.0880316545668,,,,,,DataBento OPRA.PILLAR OHLCV-1d aggregate + local validated call definitions; IV/Greeks not supplied,True,True
2024-09-06,PLTR  241011C00034000,2024-10-11,34,call,0.751904761905,105,7895,35,30.3299999237,0.121002310766,,,,,,DataBento OPRA.PILLAR OHLCV-1d aggregate + local validated call definitions; IV/Greeks not supplied,True,True
2024-09-06,PLTR  241011C00035000,2024-10-11,35,call,0.57112,125,7139,35,30.3299999237,0.153972966965,,,,,,DataBento OPRA.PILLAR OHLCV-1d aggregate + local validated call definitions; IV/Greeks not supplied,True,True
2024-09-06,PLTR  241011C00036000,2024-10-11,36,call,0.431,50,2155,35,30.3299999237,0.186943623164,,,,,,DataBento OPRA.PILLAR OHLCV-1d aggregate + local validated call definitions; IV/Greeks not supplied,True,True
2024-09-06,PLTR  241011C00037000,2024-10-11,37,call,0.3,203,6090,35,30.3299999237,0.219914279363,,,,,,DataBento OPRA.PILLAR OHLCV-1d aggregate + local validated call definitions; IV/Greeks not supplied,True,True
2024-09-06,PLTR  241011C00039000,2024-10-11,39,call,0.17,2,34,35,30.3299999237,0.285855591761,,,,,,DataBento OPRA.PILLAR OHLCV-1d aggregate + local validated call definitions; IV/Greeks not supplied,True,True
2024-09-06,PLTR  241011C00040000,2024-10-11,40,call,0.1375,4,55,35,30.3299999237,0.31882624796,,,,,,DataBento OPRA.PILLAR OHLCV-1d aggregate + local validated call definitions; IV/Greeks not supplied,True,True
2024-09-06,PLTR  241011C00045000,2024-10-11,45,call,0.075,4,30,35,30.3299999237,0.483679528955,,,,,,DataBento OPRA.PILLAR OHLCV-1d aggregate + local validated call definitions; IV/Greeks not supplied,True,True
2024-09-06,PLTR  241018C00034000,2024-10-18,34,call,0.934367056431,1967,183790,42,30.3299999237,0.121002310766,,,,,,DataBento OPRA.PILLAR OHLCV-1d aggregate + local validated call definitions; IV/Greeks not supplied,True,True
2024-09-06,PLTR  241018C00037000,2024-10-18,37,call,0.315512820513,546,17227,42,30.3299999237,0.219914279363,,,,,,DataBento OPRA.PILLAR OHLCV-1d aggregate + local validated call definitions; IV/Greeks not supplied,True,True
2024-09-06,PLTR  241018C00039000,2024-10-18,39,call,0.21064516129,31,653,42,30.3299999237,0.285855591761,,,,,,DataBento OPRA.PILLAR OHLCV-1d aggregate + local validated call definitions; IV/Greeks not supplied,True,True
2024-09-06,PLTR  241018C00040000,2024-10-18,40,call,0.180841476656,1842,33311,42,30.3299999237,0.31882624796,,,,,,DataBento OPRA.PILLAR OHLCV-1d aggregate + local validated call definitions; IV/Greeks not supplied,True,True
2024-09-06,PLTR  241018C00041000,2024-10-18,41,call,0.13,1,13,42,30.3299999237,0.351796904159,,,,,,DataBento OPRA.PILLAR OHLCV-1d aggregate + local validated call definitions; IV/Greeks not supplied,True,True
2024-09-06,PLTR  241018C00043000,2024-10-18,43,call,0.08,3,24,42,30.3299999237,0.417738216557,,,,,,DataBento OPRA.PILLAR OHLCV-1d aggregate + local validated call definitions; IV/Greeks not supplied,True,True
2024-09-06,PLTR  241018C00044000,2024-10-18,44,call,0.05,40,200,42,30.3299999237,0.450708872756,,,,,,DataBento OPRA.PILLAR OHLCV-1d aggregate + local validated call definitions; IV/Greeks not supplied,True,True
2024-09-06,PLTR  241025C00032000,2024-10-25,32,call,1.61,4,644,49,30.3299999237,0.0550609983678,,,,,,DataBento OPRA.PILLAR OHLCV-1d aggregate + local validated call definitions; IV/Greeks not supplied,True,True
2024-09-06,PLTR  241025C00037000,2024-10-25,37,call,0.3425,16,548,49,30.3299999237,0.219914279363,,,,,,DataBento OPRA.PILLAR OHLCV-1d aggregate + local validated call definitions; IV/Greeks not supplied,True,True
2024-09-06,PLTR  241025C00038000,2024-10-25,38,call,0.4,1,40,49,30.3299999237,0.252884935562,,,,,,DataBento OPRA.PILLAR OHLCV-1d aggregate + local validated call definitions; IV/Greeks not supplied,True,True
2024-09-06,PLTR  241025C00039000,2024-10-25,39,call,0.19,2,38,49,30.3299999237,0.285855591761,,,,,,DataBento OPRA.PILLAR OHLCV-1d aggregate + local validated call definitions; IV/Greeks not supplied,True,True
2024-09-06,PLTR  241115C00036000,2024-11-15,36,call,1.44113402062,97,13979,70,30.3299999237,0.186943623164,,,,,,DataBento OPRA.PILLAR OHLCV-1d aggregate + local validated call definitions; IV/Greeks not supplied,True,True
2024-09-06,PLTR  241115C00037000,2024-11-15,37,call,1.20937106918,159,19229,70,30.3299999237,0.219914279363,,,,,,DataBento OPRA.PILLAR OHLCV-1d aggregate + local validated call definitions; IV/Greeks not supplied,True,True
2024-09-06,PLTR  241115C00039000,2024-11-15,39,call,0.862366559486,1555,134098,70,30.3299999237,0.285855591761,,,,,,DataBento OPRA.PILLAR OHLCV-1d aggregate + local validated call definitions; IV/Greeks not supplied,True,True
2024-09-06,PLTR  241115C00040000,2024-11-15,40,call,0.744817073171,164,12215,70,30.3299999237,0.31882624796,,,,,,DataBento OPRA.PILLAR OHLCV-1d aggregate + local validated call definitions; IV/Greeks not supplied,True,True
2024-09-06,PLTR  241115C00042000,2024-11-15,42,call,0.494210526316,19,939,70,30.3299999237,0.384767560358,,,,,,DataBento OPRA.PILLAR OHLCV-1d aggregate + local validated call definitions; IV/Greeks not supplied,True,True
2024-09-06,PLTR  241115C00043000,2024-11-15,43,call,0.376666666667,6,226,70,30.3299999237,0.417738216557,,,,,,DataBento OPRA.PILLAR OHLCV-1d aggregate + local validated call definitions; IV/Greeks not supplied,True,True
2024-09-06,PLTR  241115C00044000,2024-11-15,44,call,0.32,1,32,70,30.3299999237,0.450708872756,,,,,,DataBento OPRA.PILLAR OHLCV-1d aggregate + local validated call definitions; IV/Greeks not supplied,True,True
2024-09-06,PLTR  241115C00045000,2024-11-15,45,call,0.305714285714,14,428,70,30.3299999237,0.483679528955,,,,,,DataBento OPRA.PILLAR OHLCV-1d aggregate + local validated call definitions; IV/Greeks not supplied,True,True
2024-09-06,PLTR  241115C00046000,2024-11-15,46,call,0.316944444444,108,3423,70,30.3299999237,0.516650185154,,,,,,DataBento OPRA.PILLAR OHLCV-1d aggregate + local validated call definitions; IV/Greeks not supplied,True,True
2024-09-06,PLTR  241115C00048000,2024-11-15,48,call,0.2,1,20,70,30.3299999237,0.582591497552,,,,,,DataBento OPRA.PILLAR OHLCV-1d aggregate + local validated call definitions; IV/Greeks not supplied,True,True
2024-09-06,PLTR  241220C00036000,2024-12-20,36,call,1.79891891892,37,6656,105,30.3299999237,0.186943623164,,,,,,DataBento OPRA.PILLAR OHLCV-1d aggregate + local validated call definitions; IV/Greeks not supplied,True,True
2024-09-06,PLTR  241220C00037000,2024-12-20,37,call,1.61794871795,39,6310,105,30.3299999237,0.219914279363,,,,,,DataBento OPRA.PILLAR OHLCV-1d aggregate + local validated call definitions; IV/Greeks not supplied,True,True
2024-09-06,PLTR  241220C00038000,2024-12-20,38,call,1.38310344828,29,4011,105,30.3299999237,0.252884935562,,,,,,DataBento OPRA.PILLAR OHLCV-1d aggregate + local validated call definitions; IV/Greeks not supplied,True,True
2024-09-06,PLTR  241220C00040000,2024-12-20,40,call,1.105953125,2560,283124,105,30.3299999237,0.31882624796,,,,,,DataBento OPRA.PILLAR OHLCV-1d aggregate + local validated call definitions; IV/Greeks not supplied,True,True
2024-09-06,PLTR  241220C00041000,2024-12-20,41,call,0.936,5,468,105,30.3299999237,0.351796904159,,,,,,DataBento OPRA.PILLAR OHLCV-1d aggregate + local validated call definitions; IV/Greeks not supplied,True,True
2024-09-06,PLTR  241220C00043000,2024-12-20,43,call,0.695,2,139,105,30.3299999237,0.417738216557,,,,,,DataBento OPRA.PILLAR OHLCV-1d aggregate + local validated call definitions; IV/Greeks not supplied,True,True
2024-09-06,PLTR  241220C00044000,2024-12-20,44,call,0.602289156627,83,4999,105,30.3299999237,0.450708872756,,,,,,DataBento OPRA.PILLAR OHLCV-1d aggregate + local validated call definitions; IV/Greeks not supplied,True,True
2024-09-06,PLTR  241220C00045000,2024-12-20,45,call,0.4778125,32,1529,105,30.3299999237,0.483679528955,,,,,,DataBento OPRA.PILLAR OHLCV-1d aggregate + local validated call definitions; IV/Greeks not supplied,True,True
2024-09-06,PLTR  241220C00046000,2024-12-20,46,call,0.471666666667,18,849,105,30.3299999237,0.516650185154,,,,,,DataBento OPRA.PILLAR OHLCV-1d aggregate + local validated call definitions; IV/Greeks not supplied,True,True
2024-09-06,PLTR  241220C00048000,2024-12-20,48,call,0.43,1,43,105,30.3299999237,0.582591497552,,,,,,DataBento OPRA.PILLAR OHLCV-1d aggregate + local validated call definitions; IV/Greeks not supplied,True,True
2024-09-06,PLTR  250117C00042000,2025-01-17,42,call,1.03027027027,37,3812,133,30.3299999237,0.384767560358,,,,,,DataBento OPRA.PILLAR OHLCV-1d aggregate + local validated call definitions; IV/Greeks not supplied,True,True
2024-09-06,PLTR  250117C00046000,2025-01-17,46,call,0.651752178122,1033,67326,133,30.3299999237,0.516650185154,,,,,,DataBento OPRA.PILLAR OHLCV-1d aggregate + local validated call definitions; IV/Greeks not supplied,True,True
2024-09-06,PLTR  250117C00047000,2025-01-17,47,call,0.573333333333,30,1720,133,30.3299999237,0.549620841353,,,,,,DataBento OPRA.PILLAR OHLCV-1d aggregate + local validated call definitions; IV/Greeks not supplied,True,True
2024-09-09,PLTR  240913C00028000,2024-09-13,28,call,6.37202205882,272,173319,4,34.5999984741,-0.190751409398,,,,,,DataBento OPRA.PILLAR OHLCV-1d aggregate + local validated call definitions; IV/Greeks not supplied,True,True
2024-09-09,PLTR  240913C00028500,2024-09-13,28.5,call,5.57918918919,37,20643,4,34.5999984741,-0.176300541709,,,,,,DataBento OPRA.PILLAR OHLCV-1d aggregate + local validated call definitions; IV/Greeks not supplied,True,True
2024-09-09,PLTR  240913C00030000,2024-09-13,30,call,4.5675694016,4863,2221209,4,34.5999984741,-0.132947938641,,,,,,DataBento OPRA.PILLAR OHLCV-1d aggregate + local validated call definitions; IV/Greeks not supplied,True,True
2024-09-09,PLTR  240913C00030500,2024-09-13,30.5,call,4.06283522553,3259,1324078,4,34.5999984741,-0.118497070952,,,,,,DataBento OPRA.PILLAR OHLCV-1d aggregate + local validated call definitions; IV/Greeks not supplied,True,True
2024-09-09,PLTR  240913C00031000,2024-09-13,31,call,3.63375742702,7742,2813255,4,34.5999984741,-0.104046203263,,,,,,DataBento OPRA.PILLAR OHLCV-1d aggregate + local validated call definitions; IV/Greeks not supplied,True,True
2024-09-09,PLTR  240913C00033000,2024-09-13,33,call,1.86304025712,36714,6839966,4,34.5999984741,-0.0462427325053,,,,,,DataBento OPRA.PILLAR OHLCV-1d aggregate + local validated call definitions; IV/Greeks not supplied,True,True
2024-09-09,PLTR  240913C00033500,2024-09-13,33.5,call,1.47749289041,24263,3584841,4,34.5999984741,-0.0317918648159,,,,,,DataBento OPRA.PILLAR OHLCV-1d aggregate + local validated call definitions; IV/Greeks not supplied,True,True
2024-09-09,PLTR  240913C00034000,2024-09-13,34,call,1.14664188252,62002,7109409,4,34.5999984741,-0.0173409971266,,,,,,DataBento OPRA.PILLAR OHLCV-1d aggregate + local validated call definitions; IV/Greeks not supplied,True,True
2024-09-09,PLTR  240913C00034500,2024-09-13,34.5,call,0.85020029098,20620,1753113,4,34.5999984741,-0.00289012943731,,,,,,DataBento OPRA.PILLAR OHLCV-1d aggregate + local validated call definitions; IV/Greeks not supplied,True,True
2024-09-09,PLTR  240913C00035500,2024-09-13,35.5,call,0.431480134035,10445,450681,4,34.5999984741,0.0260116059413,,,,,,DataBento OPRA.PILLAR OHLCV-1d aggregate + local validated call definitions; IV/Greeks not supplied,True,True
2024-09-09,PLTR  240913C00036000,2024-09-13,36,call,0.285132080704,14423,411246,4,34.5999984741,0.0404624736306,,,,,,DataBento OPRA.PILLAR OHLCV-1d aggregate + local validated call definitions; IV/Greeks not supplied,True,True
2024-09-09,PLTR  240913C00036500,2024-09-13,36.5,call,0.189889270119,6412,121757,4,34.5999984741,0.0549133413199,,,,,,DataBento OPRA.PILLAR OHLCV-1d aggregate + local validated call definitions; IV/Greeks not supplied,True,True
2024-09-09,PLTR  240913C00037000,2024-09-13,37,call,0.123779065024,12257,151716,4,34.5999984741,0.0693642090093,,,,,,DataBento OPRA.PILLAR OHLCV-1d aggregate + local validated call definitions; IV/Greeks not supplied,True,True
2024-09-09,PLTR  240913C00037500,2024-09-13,37.5,call,0.0814379084967,1836,14952,4,34.5999984741,0.0838150766986,,,,,,DataBento OPRA.PILLAR OHLCV-1d aggregate + local validated call definitions; IV/Greeks not supplied,True,True
2024-09-09,PLTR  240920C00028500,2024-09-20,28.5,call,5.91216216216,148,87500,11,34.5999984741,-0.176300541709,,,,,,DataBento OPRA.PILLAR OHLCV-1d aggregate + local validated call definitions; IV/Greeks not supplied,True,True
2024-09-09,PLTR  240920C00029000,2024-09-20,29,call,5.63142300195,513,288892,11,34.5999984741,-0.16184967402,,,,,,DataBento OPRA.PILLAR OHLCV-1d aggregate + local validated call definitions; IV/Greeks not supplied,True,True
2024-09-09,PLTR  240920C00029500,2024-09-20,29.5,call,4.86167785235,149,72439,11,34.5999984741,-0.14739880633,,,,,,DataBento OPRA.PILLAR OHLCV-1d aggregate + local validated call definitions; IV/Greeks not supplied,True,True
2024-09-09,PLTR  240920C00030000,2024-09-20,30,call,4.73500371416,6731,3187131,11,34.5999984741,-0.132947938641,,,,,,DataBento OPRA.PILLAR OHLCV-1d aggregate + local validated call definitions; IV/Greeks not supplied,True,True
2024-09-09,PLTR  240920C00030500,2024-09-20,30.5,call,4.02245516388,1617,650431,11,34.5999984741,-0.118497070952,,,,,,DataBento OPRA.PILLAR OHLCV-1d aggregate + local validated call definitions; IV/Greeks not supplied,True,True
2024-09-09,PLTR  240920C00032000,2024-09-20,32,call,2.97819328936,6974,2076992,11,34.5999984741,-0.0751444678839,,,,,,DataBento OPRA.PILLAR OHLCV-1d aggregate + local validated call definitions; IV/Greeks not supplied,True,True
2024-09-09,PLTR  240920C00033000,2024-09-20,33,call,2.24167459288,13878,3110996,11,34.5999984741,-0.0462427325053,,,,,,DataBento OPRA.PILLAR OHLCV-1d aggregate + local validated call definitions; IV/Greeks not supplied,True,True
2024-09-09,PLTR  240920C00033500,2024-09-20,33.5,call,1.86734871795,7800,1456532,11,34.5999984741,-0.0317918648159,,,,,,DataBento OPRA.PILLAR OHLCV-1d aggregate + local validated call definitions; IV/Greeks not supplied,True,True
2024-09-09,PLTR  240920C00034000,2024-09-20,34,call,1.60225217953,12388,1984870,11,34.5999984741,-0.0173409971266,,,,,,DataBento OPRA.PILLAR OHLCV-1d aggregate + local validated call definitions; IV/Greeks not supplied,True,True
2024-09-09,PLTR  240920C00034500,2024-09-20,34.5,call,1.33729799159,4282,572631,11,34.5999984741,-0.00289012943731,,,,,,DataBento OPRA.PILLAR OHLCV-1d aggregate + local validated call definitions; IV/Greeks not supplied,True,True
2024-09-09,PLTR  240920C00035000,2024-09-20,35,call,1.08590588533,31621,3433743,11,34.5999984741,0.011560738252,,,,,,DataBento OPRA.PILLAR OHLCV-1d aggregate + local validated call definitions; IV/Greeks not supplied,True,True
2024-09-09,PLTR  240920C00035500,2024-09-20,35.5,call,0.86342837274,1438,124161,11,34.5999984741,0.0260116059413,,,,,,DataBento OPRA.PILLAR OHLCV-1d aggregate + local validated call definitions; IV/Greeks not supplied,True,True
2024-09-09,PLTR  240920C00038000,2024-09-20,38,call,0.242767414,5843,141849,11,34.5999984741,0.0982659443879,,,,,,DataBento OPRA.PILLAR OHLCV-1d aggregate + local validated call definitions; IV/Greeks not supplied,True,True
2024-09-09,PLTR  240920C00039000,2024-09-20,39,call,0.134342713146,2381,31987,11,34.5999984741,0.127167679767,,,,,,DataBento OPRA.PILLAR OHLCV-1d aggregate + local validated call definitions; IV/Greeks not supplied,True,True
2024-09-09,PLTR  240920C00042000,2024-09-20,42,call,0.0437250996016,502,2195,11,34.5999984741,0.213872885902,,,,,,DataBento OPRA.PILLAR OHLCV-1d aggregate + local validated call definitions; IV/Greeks not supplied,True,True
2024-09-09,PLTR  240927C00029000,2024-09-27,29,call,5.68559748428,159,90401,18,34.5999984741,-0.16184967402,,,,,,DataBento OPRA.PILLAR OHLCV-1d aggregate + local validated call definitions; IV/Greeks not supplied,True,True
2024-09-09,PLTR  240927C00030500,2024-09-27,30.5,call,3.8264516129,31,11862,18,34.5999984741,-0.118497070952,,,,,,DataBento OPRA.PILLAR OHLCV-1d aggregate + local validated call definitions; IV/Greeks not supplied,True,True
2024-09-09,PLTR  240927C00031000,2024-09-27,31,call,3.9810965251,2590,1031104,18,34.5999984741,-0.104046203263,,,,,,DataBento OPRA.PILLAR OHLCV-1d aggregate + local validated call definitions; IV/Greeks not supplied,True,True
2024-09-09,PLTR  240927C00031500,2024-09-27,31.5,call,3.2125,20,6425,18,34.5999984741,-0.0895953355732,,,,,,DataBento OPRA.PILLAR OHLCV-1d aggregate + local validated call definitions; IV/Greeks not supplied,True,True
2024-09-09,PLTR  240927C00032500,2024-09-27,32.5,call,2.57576923077,182,46879,18,34.5999984741,-0.0606936001946,,,,,,DataBento OPRA.PILLAR OHLCV-1d aggregate + local validated call definitions; IV/Greeks not supplied,True,True
2024-09-09,PLTR  240927C00033500,2024-09-27,33.5,call,1.97135061392,733,144500,18,34.5999984741,-0.0317918648159,,,,,,DataBento OPRA.PILLAR OHLCV-1d aggregate + local validated call definitions; IV/Greeks not supplied,True,True
2024-09-09,PLTR  240927C00034500,2024-09-27,34.5,call,1.57778501629,1535,242190,18,34.5999984741,-0.00289012943731,,,,,,DataBento OPRA.PILLAR OHLCV-1d aggregate + local validated call definitions; IV/Greeks not supplied,True,True
2024-09-09,PLTR  240927C00035000,2024-09-27,35,call,1.38102623569,6899,952770,18,34.5999984741,0.011560738252,,,,,,DataBento OPRA.PILLAR OHLCV-1d aggregate + local validated call definitions; IV/Greeks not supplied,True,True
2024-09-09,PLTR  240927C00037000,2024-09-27,37,call,0.680016666667,1200,81602,18,34.5999984741,0.0693642090093,,,,,,DataBento OPRA.PILLAR OHLCV-1d aggregate + local validated call definitions; IV/Greeks not supplied,True,True
2024-09-09,PLTR  240927C00038000,2024-09-27,38,call,0.457968970381,1418,64940,18,34.5999984741,0.0982659443879,,,,,,DataBento OPRA.PILLAR OHLCV-1d aggregate + local validated call definitions; IV/Greeks not supplied,True,True
2024-09-09,PLTR  240927C00040000,2024-09-27,40,call,0.207726391581,7222,150020,18,34.5999984741,0.156069415145,,,,,,DataBento OPRA.PILLAR OHLCV-1d aggregate + local validated call definitions; IV/Greeks not supplied,True,True
2024-09-09,PLTR  240927C00041000,2024-09-27,41,call,0.136214285714,140,1907,18,34.5999984741,0.184971150524,,,,,,DataBento OPRA.PILLAR OHLCV-1d aggregate + local validated call definitions; IV/Greeks not supplied,True,True
2024-09-09,PLTR  240927C00044000,2024-09-27,44,call,0.0564285714286,42,237,18,34.5999984741,0.27167635666,,,,,,DataBento OPRA.PILLAR OHLCV-1d aggregate + local validated call definitions; IV/Greeks not supplied,True,True
2024-09-09,PLTR  241004C00029000,2024-10-04,29,call,5.54785714286,70,38835,25,34.5999984741,-0.16184967402,,,,,,DataBento OPRA.PILLAR OHLCV-1d aggregate + local validated call definitions; IV/Greeks not supplied,True,True
2024-09-09,PLTR  241004C00030000,2024-10-04,30,call,5.00449640288,278,139125,25,34.5999984741,-0.132947938641,,,,,,DataBento OPRA.PILLAR OHLCV-1d aggregate + local validated call definitions; IV/Greeks not supplied,True,True
2024-09-09,PLTR  241004C00031000,2024-10-04,31,call,3.89761904762,378,147330,25,34.5999984741,-0.104046203263,,,,,,DataBento OPRA.PILLAR OHLCV-1d aggregate + local validated call definitions; IV/Greeks not supplied,True,True
2024-09-09,PLTR  241004C00032000,2024-10-04,32,call,3.31722334004,497,164866,25,34.5999984741,-0.0751444678839,,,,,,DataBento OPRA.PILLAR OHLCV-1d aggregate + local validated call definitions; IV/Greeks not supplied,True,True
2024-09-09,PLTR  241004C00033000,2024-10-04,33,call,2.63772540984,976,257442,25,34.5999984741,-0.0462427325053,,,,,,DataBento OPRA.PILLAR OHLCV-1d aggregate + local validated call definitions; IV/Greeks not supplied,True,True
2024-09-09,PLTR  241004C00035000,2024-10-04,35,call,1.66811460259,1623,270735,25,34.5999984741,0.011560738252,,,,,,DataBento OPRA.PILLAR OHLCV-1d aggregate + local validated call definitions; IV/Greeks not supplied,True,True
2024-09-09,PLTR  241004C00036000,2024-10-04,36,call,1.22331346841,839,102636,25,34.5999984741,0.0404624736306,,,,,,DataBento OPRA.PILLAR OHLCV-1d aggregate + local validated call definitions; IV/Greeks not supplied,True,True
2024-09-09,PLTR  241004C00037000,2024-10-04,37,call,0.926569086651,854,79129,25,34.5999984741,0.0693642090093,,,,,,DataBento OPRA.PILLAR OHLCV-1d aggregate + local validated call definitions; IV/Greeks not supplied,True,True
2024-09-09,PLTR  241004C00038000,2024-10-04,38,call,0.63817513369,1496,95471,25,34.5999984741,0.0982659443879,,,,,,DataBento OPRA.PILLAR OHLCV-1d aggregate + local validated call definitions; IV/Greeks not supplied,True,True
2024-09-09,PLTR  241004C00039000,2024-10-04,39,call,0.460290697674,344,15834,25,34.5999984741,0.127167679767,,,,,,DataBento OPRA.PILLAR OHLCV-1d aggregate + local validated call definitions; IV/Greeks not supplied,True,True
2024-09-09,PLTR  241004C00040000,2024-10-04,40,call,0.338883058471,2668,90414,25,34.5999984741,0.156069415145,,,,,,DataBento OPRA.PILLAR OHLCV-1d aggregate + local validated call definitions; IV/Greeks not supplied,True,True
2024-09-09,PLTR  241004C00041000,2024-10-04,41,call,0.235157894737,95,2234,25,34.5999984741,0.184971150524,,,,,,DataBento OPRA.PILLAR OHLCV-1d aggregate + local validated call definitions; IV/Greeks not supplied,True,True
2024-09-09,PLTR  241004C00044000,2024-10-04,44,call,0.0972972972973,37,360,25,34.5999984741,0.27167635666,,,,,,DataBento OPRA.PILLAR OHLCV-1d aggregate + local validated call definitions; IV/Greeks not supplied,True,True
2024-09-09,PLTR  241011C00033000,2024-10-11,33,call,2.65128404669,514,136276,32,34.5999984741,-0.0462427325053,,,,,,DataBento OPRA.PILLAR OHLCV-1d aggregate + local validated call definitions; IV/Greeks not supplied,True,True
2024-09-09,PLTR  241011C00034000,2024-10-11,34,call,2.36981409002,1022,242195,32,34.5999984741,-0.0173409971266,,,,,,DataBento OPRA.PILLAR OHLCV-1d aggregate + local validated call definitions; IV/Greeks not supplied,True,True
2024-09-09,PLTR  241011C00035000,2024-10-11,35,call,1.83627865961,1134,208234,32,34.5999984741,0.011560738252,,,,,,DataBento OPRA.PILLAR OHLCV-1d aggregate + local validated call definitions; IV/Greeks not supplied,True,True
2024-09-09,PLTR  241011C00036000,2024-10-11,36,call,1.39882352941,340,47560,32,34.5999984741,0.0404624736306,,,,,,DataBento OPRA.PILLAR OHLCV-1d aggregate + local validated call definitions; IV/Greeks not supplied,True,True
2024-09-09,PLTR  241011C00037000,2024-10-11,37,call,1.08958795563,631,68753,32,34.5999984741,0.0693642090093,,,,,,DataBento OPRA.PILLAR OHLCV-1d aggregate + local validated call definitions; IV/Greeks not supplied,True,True
2024-09-09,PLTR  241011C00038000,2024-10-11,38,call,0.832289719626,428,35622,32,34.5999984741,0.0982659443879,,,,,,DataBento OPRA.PILLAR OHLCV-1d aggregate + local validated call definitions; IV/Greeks not supplied,True,True
2024-09-09,PLTR  241011C00039000,2024-10-11,39,call,0.60981981982,777,47383,32,34.5999984741,0.127167679767,,,,,,DataBento OPRA.PILLAR OHLCV-1d aggregate + local validated call definitions; IV/Greeks not supplied,True,True
2024-09-09,PLTR  241011C00040000,2024-10-11,40,call,0.452812755519,1223,55379,32,34.5999984741,0.156069415145,,,,,,DataBento OPRA.PILLAR OHLCV-1d aggregate + local validated call definitions; IV/Greeks not supplied,True,True
2024-09-09,PLTR  241011C00041000,2024-10-11,41,call,0.346895306859,277,9609,32,34.5999984741,0.184971150524,,,,,,DataBento OPRA.PILLAR OHLCV-1d aggregate + local validated call definitions; IV/Greeks not supplied,True,True
2024-09-09,PLTR  241011C00042000,2024-10-11,42,call,0.250102040816,196,4902,32,34.5999984741,0.213872885902,,,,,,DataBento OPRA.PILLAR OHLCV-1d aggregate + local validated call definitions; IV/Greeks not supplied,True,True
2024-09-09,PLTR  241011C00043000,2024-10-11,43,call,0.181111111111,18,326,32,34.5999984741,0.242774621281,,,,,,DataBento OPRA.PILLAR OHLCV-1d aggregate + local validated call definitions; IV/Greeks not supplied,True,True
2024-09-09,PLTR  241011C00044000,2024-10-11,44,call,0.139782608696,46,643,32,34.5999984741,0.27167635666,,,,,,DataBento OPRA.PILLAR OHLCV-1d aggregate + local validated call definitions; IV/Greeks not supplied,True,True
2024-09-09,PLTR  241011C00045000,2024-10-11,45,call,0.12,1302,15624,32,34.5999984741,0.300578092038,,,,,,DataBento OPRA.PILLAR OHLCV-1d aggregate + local validated call definitions; IV/Greeks not supplied,True,True
2024-09-09,PLTR  241018C00034000,2024-10-18,34,call,2.6019097561,4100,1066783,39,34.5999984741,-0.0173409971266,,,,,,DataBento OPRA.PILLAR OHLCV-1d aggregate + local validated call definitions; IV/Greeks not supplied,True,True
2024-09-09,PLTR  241018C00037000,2024-10-18,37,call,1.29324765402,2451,316975,39,34.5999984741,0.0693642090093,,,,,,DataBento OPRA.PILLAR OHLCV-1d aggregate + local validated call definitions; IV/Greeks not supplied,True,True
2024-09-09,PLTR  241018C00039000,2024-10-18,39,call,0.77069437405,1973,152058,39,34.5999984741,0.127167679767,,,,,,DataBento OPRA.PILLAR OHLCV-1d aggregate + local validated call definitions; IV/Greeks not supplied,True,True
2024-09-09,PLTR  241018C00040000,2024-10-18,40,call,0.600965863454,4980,299281,39,34.5999984741,0.156069415145,,,,,,DataBento OPRA.PILLAR OHLCV-1d aggregate + local validated call definitions; IV/Greeks not supplied,True,True
2024-09-09,PLTR  241018C00041000,2024-10-18,41,call,0.413930288462,832,34439,39,34.5999984741,0.184971150524,,,,,,DataBento OPRA.PILLAR OHLCV-1d aggregate + local validated call definitions; IV/Greeks not supplied,True,True
2024-09-09,PLTR  241018C00043000,2024-10-18,43,call,0.24152173913,46,1111,39,34.5999984741,0.242774621281,,,,,,DataBento OPRA.PILLAR OHLCV-1d aggregate + local validated call definitions; IV/Greeks not supplied,True,True
2024-09-09,PLTR  241018C00044000,2024-10-18,44,call,0.184444444444,126,2324,39,34.5999984741,0.27167635666,,,,,,DataBento OPRA.PILLAR OHLCV-1d aggregate + local validated call definitions; IV/Greeks not supplied,True,True
2024-09-09,PLTR  241025C00032000,2024-10-25,32,call,3.69218181818,110,40614,46,34.5999984741,-0.0751444678839,,,,,,DataBento OPRA.PILLAR OHLCV-1d aggregate + local validated call definitions; IV/Greeks not supplied,True,True
2024-09-09,PLTR  241025C00037000,2024-10-25,37,call,1.42169916435,1436,204156,46,34.5999984741,0.0693642090093,,,,,,DataBento OPRA.PILLAR OHLCV-1d aggregate + local validated call definitions; IV/Greeks not supplied,True,True
2024-09-09,PLTR  241025C00038000,2024-10-25,38,call,1.1030754352,517,57029,46,34.5999984741,0.0982659443879,,,,,,DataBento OPRA.PILLAR OHLCV-1d aggregate + local validated call definitions; IV/Greeks not supplied,True,True
2024-09-09,PLTR  241025C00039000,2024-10-25,39,call,0.871464968153,314,27364,46,34.5999984741,0.127167679767,,,,,,DataBento OPRA.PILLAR OHLCV-1d aggregate + local validated call definitions; IV/Greeks not supplied,True,True
2024-09-09,PLTR  241025C00040000,2024-10-25,40,call,0.695061611374,1055,73329,46,34.5999984741,0.156069415145,,,,,,DataBento OPRA.PILLAR OHLCV-1d aggregate + local validated call definitions; IV/Greeks not supplied,True,True
2024-09-09,PLTR  241025C00041000,2024-10-25,41,call,0.538518518519,54,2908,46,34.5999984741,0.184971150524,,,,,,DataBento OPRA.PILLAR OHLCV-1d aggregate + local validated call definitions; IV/Greeks not supplied,True,True
2024-09-09,PLTR  241025C00042000,2024-10-25,42,call,0.408,145,5916,46,34.5999984741,0.213872885902,,,,,,DataBento OPRA.PILLAR OHLCV-1d aggregate + local validated call definitions; IV/Greeks not supplied,True,True
2024-09-09,PLTR  241025C00043000,2024-10-25,43,call,0.267647058824,17,455,46,34.5999984741,0.242774621281,,,,,,DataBento OPRA.PILLAR OHLCV-1d aggregate + local validated call definitions; IV/Greeks not supplied,True,True
2024-09-09,PLTR  241115C00036000,2024-11-15,36,call,2.97871767241,928,276425,67,34.5999984741,0.0404624736306,,,,,,DataBento OPRA.PILLAR OHLCV-1d aggregate + local validated call definitions; IV/Greeks not supplied,True,True
2024-09-09,PLTR  241115C00037000,2024-11-15,37,call,2.5203312444,2234,563042,67,34.5999984741,0.0693642090093,,,,,,DataBento OPRA.PILLAR OHLCV-1d aggregate + local validated call definitions; IV/Greeks not supplied,True,True
2024-09-09,PLTR  241115C00039000,2024-11-15,39,call,1.96893572909,1447,284905,67,34.5999984741,0.127167679767,,,,,,DataBento OPRA.PILLAR OHLCV-1d aggregate + local validated call definitions; IV/Greeks not supplied,True,True
2024-09-09,PLTR  241115C00040000,2024-11-15,40,call,1.7012199902,4082,694438,67,34.5999984741,0.156069415145,,,,,,DataBento OPRA.PILLAR OHLCV-1d aggregate + local validated call definitions; IV/Greeks not supplied,True,True
2024-09-09,PLTR  241115C00042000,2024-11-15,42,call,1.21849726776,366,44597,67,34.5999984741,0.213872885902,,,,,,DataBento OPRA.PILLAR OHLCV-1d aggregate + local validated call definitions; IV/Greeks not supplied,True,True
2024-09-09,PLTR  241115C00043000,2024-11-15,43,call,1.03375886525,141,14576,67,34.5999984741,0.242774621281,,,,,,DataBento OPRA.PILLAR OHLCV-1d aggregate + local validated call definitions; IV/Greeks not supplied,True,True
2024-09-09,PLTR  241115C00044000,2024-11-15,44,call,0.878091603053,131,11503,67,34.5999984741,0.27167635666,,,,,,DataBento OPRA.PILLAR OHLCV-1d aggregate + local validated call definitions; IV/Greeks not supplied,True,True
2024-09-09,PLTR  241115C00045000,2024-11-15,45,call,0.7261414791,311,22583,67,34.5999984741,0.300578092038,,,,,,DataBento OPRA.PILLAR OHLCV-1d aggregate + local validated call definitions; IV/Greeks not supplied,True,True
2024-09-09,PLTR  241115C00046000,2024-11-15,46,call,0.629487179487,78,4910,67,34.5999984741,0.329479827417,,,,,,DataBento OPRA.PILLAR OHLCV-1d aggregate + local validated call definitions; IV/Greeks not supplied,True,True
2024-09-09,PLTR  241115C00048000,2024-11-15,48,call,0.45662601626,246,11233,67,34.5999984741,0.387283298174,,,,,,DataBento OPRA.PILLAR OHLCV-1d aggregate + local validated call definitions; IV/Greeks not supplied,True,True
2024-09-09,PLTR  241220C00036000,2024-12-20,36,call,3.56438356164,365,130100,102,34.5999984741,0.0404624736306,,,,,,DataBento OPRA.PILLAR OHLCV-1d aggregate + local validated call definitions; IV/Greeks not supplied,True,True
2024-09-09,PLTR  241220C00037000,2024-12-20,37,call,3.23431578947,665,215082,102,34.5999984741,0.0693642090093,,,,,,DataBento OPRA.PILLAR OHLCV-1d aggregate + local validated call definitions; IV/Greeks not supplied,True,True
2024-09-09,PLTR  241220C00038000,2024-12-20,38,call,2.76502304147,217,60001,102,34.5999984741,0.0982659443879,,,,,,DataBento OPRA.PILLAR OHLCV-1d aggregate + local validated call definitions; IV/Greeks not supplied,True,True
2024-09-09,PLTR  241220C00040000,2024-12-20,40,call,2.26795385285,2297,520949,102,34.5999984741,0.156069415145,,,,,,DataBento OPRA.PILLAR OHLCV-1d aggregate + local validated call definitions; IV/Greeks not supplied,True,True
2024-09-09,PLTR  241220C00041000,2024-12-20,41,call,1.91165938865,229,43777,102,34.5999984741,0.184971150524,,,,,,DataBento OPRA.PILLAR OHLCV-1d aggregate + local validated call definitions; IV/Greeks not supplied,True,True
2024-09-09,PLTR  241220C00042000,2024-12-20,42,call,1.61523364486,107,17283,102,34.5999984741,0.213872885902,,,,,,DataBento OPRA.PILLAR OHLCV-1d aggregate + local validated call definitions; IV/Greeks not supplied,True,True
2024-09-09,PLTR  241220C00043000,2024-12-20,43,call,1.42157142857,70,9951,102,34.5999984741,0.242774621281,,,,,,DataBento OPRA.PILLAR OHLCV-1d aggregate + local validated call definitions; IV/Greeks not supplied,True,True
2024-09-09,PLTR  241220C00044000,2024-12-20,44,call,1.22567307692,104,12747,102,34.5999984741,0.27167635666,,,,,,DataBento OPRA.PILLAR OHLCV-1d aggregate + local validated call definitions; IV/Greeks not supplied,True,True
2024-09-09,PLTR  241220C00045000,2024-12-20,45,call,1.19127516779,447,53250,102,34.5999984741,0.300578092038,,,,,,DataBento OPRA.PILLAR OHLCV-1d aggregate + local validated call definitions; IV/Greeks not supplied,True,True
2024-09-09,PLTR  241220C00046000,2024-12-20,46,call,1.03058823529,119,12264,102,34.5999984741,0.329479827417,,,,,,DataBento OPRA.PILLAR OHLCV-1d aggregate + local validated call definitions; IV/Greeks not supplied,True,True
2024-09-09,PLTR  241220C00047000,2024-12-20,47,call,0.828983050847,236,19564,102,34.5999984741,0.358381562796,,,,,,DataBento OPRA.PILLAR OHLCV-1d aggregate + local validated call definitions; IV/Greeks not supplied,True,True
2024-09-09,PLTR  241220C00048000,2024-12-20,48,call,0.809565217391,138,11172,102,34.5999984741,0.387283298174,,,,,,DataBento OPRA.PILLAR OHLCV-1d aggregate + local validated call definitions; IV/Greeks not supplied,True,True
2024-09-09,PLTR  250117C00042000,2025-01-17,42,call,2.08402214022,813,169431,130,34.5999984741,0.213872885902,,,,,,DataBento OPRA.PILLAR OHLCV-1d aggregate + local validated call definitions; IV/Greeks not supplied,True,True
2024-09-09,PLTR  250117C00043000,2025-01-17,43,call,1.82481481481,54,9854,130,34.5999984741,0.242774621281,,,,,,DataBento OPRA.PILLAR OHLCV-1d aggregate + local validated call definitions; IV/Greeks not supplied,True,True
2024-09-09,PLTR  250117C00046000,2025-01-17,46,call,1.29533333333,105,13601,130,34.5999984741,0.329479827417,,,,,,DataBento OPRA.PILLAR OHLCV-1d aggregate + local validated call definitions; IV/Greeks not supplied,True,True
2024-09-09,PLTR  250117C00047000,2025-01-17,47,call,1.16448275862,29,3377,130,34.5999984741,0.358381562796,,,,,,DataBento OPRA.PILLAR OHLCV-1d aggregate + local validated call definitions; IV/Greeks not supplied,True,True
2024-09-10,PLTR  240913C00028000,2024-09-13,28,call,6.05128205128,39,23600,3,34.7599983215,-0.19447637077,,,,,,DataBento OPRA.PILLAR OHLCV-1d aggregate + local validated call definitions; IV/Greeks not supplied,True,True
2024-09-10,PLTR  240913C00028500,2024-09-13,28.5,call,5.80769230769,13,7550,3,34.7599983215,-0.180092020248,,,,,,DataBento OPRA.PILLAR OHLCV-1d aggregate + local validated call definitions; IV/Greeks not supplied,True,True
2024-09-10,PLTR  240913C00030000,2024-09-13,30,call,4.63940711462,1012,469508,3,34.7599983215,-0.136938968682,,,,,,DataBento OPRA.PILLAR OHLCV-1d aggregate + local validated call definitions; IV/Greeks not supplied,True,True
2024-09-10,PLTR  240913C00030500,2024-09-13,30.5,call,4.01211538462,572,229493,3,34.7599983215,-0.12255461816,,,,,,DataBento OPRA.PILLAR OHLCV-1d aggregate + local validated call definitions; IV/Greeks not supplied,True,True
2024-09-10,PLTR  240913C00031000,2024-09-13,31,call,3.64105555556,360,131078,3,34.7599983215,-0.108170267638,,,,,,DataBento OPRA.PILLAR OHLCV-1d aggregate + local validated call definitions; IV/Greeks not supplied,True,True
2024-09-10,PLTR  240913C00033000,2024-09-13,33,call,1.90141333333,4500,855636,3,34.7599983215,-0.05063286555,,,,,,DataBento OPRA.PILLAR OHLCV-1d aggregate + local validated call definitions; IV/Greeks not supplied,True,True
2024-09-10,PLTR  240913C00033500,2024-09-13,33.5,call,1.47774662957,4673,690551,3,34.7599983215,-0.0362485150281,,,,,,DataBento OPRA.PILLAR OHLCV-1d aggregate + local validated call definitions; IV/Greeks not supplied,True,True
2024-09-10,PLTR  240913C00034000,2024-09-13,34,call,1.12244587558,14596,1638322,3,34.7599983215,-0.0218641645061,,,,,,DataBento OPRA.PILLAR OHLCV-1d aggregate + local validated call definitions; IV/Greeks not supplied,True,True
2024-09-10,PLTR  240913C00034500,2024-09-13,34.5,call,0.804874617737,19620,1579164,3,34.7599983215,-0.00747981398411,,,,,,DataBento OPRA.PILLAR OHLCV-1d aggregate + local validated call definitions; IV/Greeks not supplied,True,True
2024-09-10,PLTR  240913C00035500,2024-09-13,35.5,call,0.351700776288,11336,398688,3,34.7599983215,0.0212888870598,,,,,,DataBento OPRA.PILLAR OHLCV-1d aggregate + local validated call definitions; IV/Greeks not supplied,True,True
2024-09-10,PLTR  240913C00036000,2024-09-13,36,call,0.182562035389,9551,174365,3,34.7599983215,0.0356732375818,,,,,,DataBento OPRA.PILLAR OHLCV-1d aggregate + local validated call definitions; IV/Greeks not supplied,True,True
2024-09-10,PLTR  240913C00036500,2024-09-13,36.5,call,0.130262980445,2966,38636,3,34.7599983215,0.0500575881038,,,,,,DataBento OPRA.PILLAR OHLCV-1d aggregate + local validated call definitions; IV/Greeks not supplied,True,True
2024-09-10,PLTR  240913C00037000,2024-09-13,37,call,0.0778962670078,8599,66983,3,34.7599983215,0.0644419386257,,,,,,DataBento OPRA.PILLAR OHLCV-1d aggregate + local validated call definitions; IV/Greeks not supplied,True,True
2024-09-10,PLTR  240913C00037500,2024-09-13,37.5,call,0.0534190782422,1866,9968,3,34.7599983215,0.0788262891477,,,,,,DataBento OPRA.PILLAR OHLCV-1d aggregate + local validated call definitions; IV/Greeks not supplied,True,True
2024-09-10,PLTR  240920C00028500,2024-09-20,28.5,call,6.04285714286,14,8460,10,34.7599983215,-0.180092020248,,,,,,DataBento OPRA.PILLAR OHLCV-1d aggregate + local validated call definitions; IV/Greeks not supplied,True,True
2024-09-10,PLTR  240920C00029000,2024-09-20,29,call,5.71396721311,305,174276,10,34.7599983215,-0.165707669726,,,,,,DataBento OPRA.PILLAR OHLCV-1d aggregate + local validated call definitions; IV/Greeks not supplied,True,True
2024-09-10,PLTR  240920C00029500,2024-09-20,29.5,call,5.05414965986,147,74296,10,34.7599983215,-0.151323319204,,,,,,DataBento OPRA.PILLAR OHLCV-1d aggregate + local validated call definitions; IV/Greeks not supplied,True,True
2024-09-10,PLTR  240920C00030000,2024-09-20,30,call,4.86923509561,889,432875,10,34.7599983215,-0.136938968682,,,,,,DataBento OPRA.PILLAR OHLCV-1d aggregate + local validated call definitions; IV/Greeks not supplied,True,True
2024-09-10,PLTR  240920C00030500,2024-09-20,30.5,call,4.10378787879,66,27085,10,34.7599983215,-0.12255461816,,,,,,DataBento OPRA.PILLAR OHLCV-1d aggregate + local validated call definitions; IV/Greeks not supplied,True,True
2024-09-10,PLTR  240920C00032000,2024-09-20,32,call,3.00666666667,1989,598026,10,34.7599983215,-0.079401566594,,,,,,DataBento OPRA.PILLAR OHLCV-1d aggregate + local validated call definitions; IV/Greeks not supplied,True,True
2024-09-10,PLTR  240920C00033000,2024-09-20,33,call,2.20098242452,2219,488398,10,34.7599983215,-0.05063286555,,,,,,DataBento OPRA.PILLAR OHLCV-1d aggregate + local validated call definitions; IV/Greeks not supplied,True,True
2024-09-10,PLTR  240920C00033500,2024-09-20,33.5,call,1.86455263158,760,141706,10,34.7599983215,-0.0362485150281,,,,,,DataBento OPRA.PILLAR OHLCV-1d aggregate + local validated call definitions; IV/Greeks not supplied,True,True
2024-09-10,PLTR  240920C00034000,2024-09-20,34,call,1.5810648827,5456,862629,10,34.7599983215,-0.0218641645061,,,,,,DataBento OPRA.PILLAR OHLCV-1d aggregate + local validated call definitions; IV/Greeks not supplied,True,True
2024-09-10,PLTR  240920C00034500,2024-09-20,34.5,call,1.26588421186,7911,1001441,10,34.7599983215,-0.00747981398411,,,,,,DataBento OPRA.PILLAR OHLCV-1d aggregate + local validated call definitions; IV/Greeks not supplied,True,True
2024-09-10,PLTR  240920C00035000,2024-09-20,35,call,1.02346102306,21641,2214872,10,34.7599983215,0.00690453653785,,,,,,DataBento OPRA.PILLAR OHLCV-1d aggregate + local validated call definitions; IV/Greeks not supplied,True,True
2024-09-10,PLTR  240920C00035500,2024-09-20,35.5,call,0.787354014599,1644,129441,10,34.7599983215,0.0212888870598,,,,,,DataBento OPRA.PILLAR OHLCV-1d aggregate + local validated call definitions; IV/Greeks not supplied,True,True
2024-09-10,PLTR  240920C00038000,2024-09-20,38,call,0.178081688848,2179,38804,10,34.7599983215,0.0932106396697,,,,,,DataBento OPRA.PILLAR OHLCV-1d aggregate + local validated call definitions; IV/Greeks not supplied,True,True
2024-09-10,PLTR  240920C00039000,2024-09-20,39,call,0.0881257706535,811,7147,10,34.7599983215,0.121979340714,,,,,,DataBento OPRA.PILLAR OHLCV-1d aggregate + local validated call definitions; IV/Greeks not supplied,True,True
2024-09-10,PLTR  240920C00042000,2024-09-20,42,call,0.0188965517241,145,274,10,34.7599983215,0.208285443845,,,,,,DataBento OPRA.PILLAR OHLCV-1d aggregate + local validated call definitions; IV/Greeks not supplied,True,True
2024-09-10,PLTR  240927C00029000,2024-09-27,29,call,5.718,15,8577,17,34.7599983215,-0.165707669726,,,,,,DataBento OPRA.PILLAR OHLCV-1d aggregate + local validated call definitions; IV/Greeks not supplied,True,True
2024-09-10,PLTR  240927C00030500,2024-09-27,30.5,call,4.14,7,2898,17,34.7599983215,-0.12255461816,,,,,,DataBento OPRA.PILLAR OHLCV-1d aggregate + local validated call definitions; IV/Greeks not supplied,True,True
2024-09-10,PLTR  240927C00031000,2024-09-27,31,call,3.93377990431,209,82216,17,34.7599983215,-0.108170267638,,,,,,DataBento OPRA.PILLAR OHLCV-1d aggregate + local validated call definitions; IV/Greeks not supplied,True,True
2024-09-10,PLTR  240927C00031500,2024-09-27,31.5,call,3.24384615385,13,4217,17,34.7599983215,-0.0937859171159,,,,,,DataBento OPRA.PILLAR OHLCV-1d aggregate + local validated call definitions; IV/Greeks not supplied,True,True
2024-09-10,PLTR  240927C00032500,2024-09-27,32.5,call,2.65588235294,68,18060,17,34.7599983215,-0.065017216072,,,,,,DataBento OPRA.PILLAR OHLCV-1d aggregate + local validated call definitions; IV/Greeks not supplied,True,True
2024-09-10,PLTR  240927C00033500,2024-09-27,33.5,call,2.06687861272,173,35757,17,34.7599983215,-0.0362485150281,,,,,,DataBento OPRA.PILLAR OHLCV-1d aggregate + local validated call definitions; IV/Greeks not supplied,True,True
2024-09-10,PLTR  240927C00034500,2024-09-27,34.5,call,1.552504,1250,194063,17,34.7599983215,-0.00747981398411,,,,,,DataBento OPRA.PILLAR OHLCV-1d aggregate + local validated call definitions; IV/Greeks not supplied,True,True
2024-09-10,PLTR  240927C00035000,2024-09-27,35,call,1.32553317536,2532,335625,17,34.7599983215,0.00690453653785,,,,,,DataBento OPRA.PILLAR OHLCV-1d aggregate + local validated call definitions; IV/Greeks not supplied,True,True
2024-09-10,PLTR  240927C00037000,2024-09-27,37,call,0.582867528271,1238,72159,17,34.7599983215,0.0644419386257,,,,,,DataBento OPRA.PILLAR OHLCV-1d aggregate + local validated call definitions; IV/Greeks not supplied,True,True
2024-09-10,PLTR  240927C00038000,2024-09-27,38,call,0.357545164718,941,33645,17,34.7599983215,0.0932106396697,,,,,,DataBento OPRA.PILLAR OHLCV-1d aggregate + local validated call definitions; IV/Greeks not supplied,True,True
2024-09-10,PLTR  240927C00040000,2024-09-27,40,call,0.139273972603,2920,40668,17,34.7599983215,0.150748041758,,,,,,DataBento OPRA.PILLAR OHLCV-1d aggregate + local validated call definitions; IV/Greeks not supplied,True,True
2024-09-10,PLTR  240927C00041000,2024-09-27,41,call,0.0966170212766,470,4541,17,34.7599983215,0.179516742801,,,,,,DataBento OPRA.PILLAR OHLCV-1d aggregate + local validated call definitions; IV/Greeks not supplied,True,True
2024-09-10,PLTR  240927C00044000,2024-09-27,44,call,0.0491891891892,74,364,17,34.7599983215,0.265822845933,,,,,,DataBento OPRA.PILLAR OHLCV-1d aggregate + local validated call definitions; IV/Greeks not supplied,True,True
2024-09-10,PLTR  241004C00029000,2024-10-04,29,call,5.45223404255,94,51251,24,34.7599983215,-0.165707669726,,,,,,DataBento OPRA.PILLAR OHLCV-1d aggregate + local validated call definitions; IV/Greeks not supplied,True,True
2024-09-10,PLTR  241004C00030000,2024-10-04,30,call,5.00549327354,446,223245,24,34.7599983215,-0.136938968682,,,,,,DataBento OPRA.PILLAR OHLCV-1d aggregate + local validated call definitions; IV/Greeks not supplied,True,True
2024-09-10,PLTR  241004C00031000,2024-10-04,31,call,3.91911764706,68,26650,24,34.7599983215,-0.108170267638,,,,,,DataBento OPRA.PILLAR OHLCV-1d aggregate + local validated call definitions; IV/Greeks not supplied,True,True
2024-09-10,PLTR  241004C00032000,2024-10-04,32,call,3.26865030675,326,106558,24,34.7599983215,-0.079401566594,,,,,,DataBento OPRA.PILLAR OHLCV-1d aggregate + local validated call definitions; IV/Greeks not supplied,True,True
2024-09-10,PLTR  241004C00033000,2024-10-04,33,call,2.70024,250,67506,24,34.7599983215,-0.05063286555,,,,,,DataBento OPRA.PILLAR OHLCV-1d aggregate + local validated call definitions; IV/Greeks not supplied,True,True
2024-09-10,PLTR  241004C00035000,2024-10-04,35,call,1.59523616734,741,118207,24,34.7599983215,0.00690453653785,,,,,,DataBento OPRA.PILLAR OHLCV-1d aggregate + local validated call definitions; IV/Greeks not supplied,True,True
2024-09-10,PLTR  241004C00036000,2024-10-04,36,call,1.17768898488,463,54527,24,34.7599983215,0.0356732375818,,,,,,DataBento OPRA.PILLAR OHLCV-1d aggregate + local validated call definitions; IV/Greeks not supplied,True,True
2024-09-10,PLTR  241004C00037000,2024-10-04,37,call,0.77274829932,735,56797,24,34.7599983215,0.0644419386257,,,,,,DataBento OPRA.PILLAR OHLCV-1d aggregate + local validated call definitions; IV/Greeks not supplied,True,True
2024-09-10,PLTR  241004C00038000,2024-10-04,38,call,0.56128440367,218,12236,24,34.7599983215,0.0932106396697,,,,,,DataBento OPRA.PILLAR OHLCV-1d aggregate + local validated call definitions; IV/Greeks not supplied,True,True
2024-09-10,PLTR  241004C00039000,2024-10-04,39,call,0.386849315068,219,8472,24,34.7599983215,0.121979340714,,,,,,DataBento OPRA.PILLAR OHLCV-1d aggregate + local validated call definitions; IV/Greeks not supplied,True,True
2024-09-10,PLTR  241004C00040000,2024-10-04,40,call,0.263834771887,1622,42794,24,34.7599983215,0.150748041758,,,,,,DataBento OPRA.PILLAR OHLCV-1d aggregate + local validated call definitions; IV/Greeks not supplied,True,True
2024-09-10,PLTR  241004C00041000,2024-10-04,41,call,0.1776,25,444,24,34.7599983215,0.179516742801,,,,,,DataBento OPRA.PILLAR OHLCV-1d aggregate + local validated call definitions; IV/Greeks not supplied,True,True
2024-09-10,PLTR  241004C00044000,2024-10-04,44,call,0.107916666667,48,518,24,34.7599983215,0.265822845933,,,,,,DataBento OPRA.PILLAR OHLCV-1d aggregate + local validated call definitions; IV/Greeks not supplied,True,True
2024-09-10,PLTR  241011C00033000,2024-10-11,33,call,2.80513812155,543,152319,31,34.7599983215,-0.05063286555,,,,,,DataBento OPRA.PILLAR OHLCV-1d aggregate + local validated call definitions; IV/Greeks not supplied,True,True
2024-09-10,PLTR  241011C00034000,2024-10-11,34,call,2.30111821086,626,144050,31,34.7599983215,-0.0218641645061,,,,,,DataBento OPRA.PILLAR OHLCV-1d aggregate + local validated call definitions; IV/Greeks not supplied,True,True
2024-09-10,PLTR  241011C00035000,2024-10-11,35,call,1.78261796043,657,117118,31,34.7599983215,0.00690453653785,,,,,,DataBento OPRA.PILLAR OHLCV-1d aggregate + local validated call definitions; IV/Greeks not supplied,True,True
2024-09-10,PLTR  241011C00036000,2024-10-11,36,call,1.35651933702,181,24553,31,34.7599983215,0.0356732375818,,,,,,DataBento OPRA.PILLAR OHLCV-1d aggregate + local validated call definitions; IV/Greeks not supplied,True,True
2024-09-10,PLTR  241011C00037000,2024-10-11,37,call,1.04510204082,245,25605,31,34.7599983215,0.0644419386257,,,,,,DataBento OPRA.PILLAR OHLCV-1d aggregate + local validated call definitions; IV/Greeks not supplied,True,True
2024-09-10,PLTR  241011C00038000,2024-10-11,38,call,0.743659574468,235,17476,31,34.7599983215,0.0932106396697,,,,,,DataBento OPRA.PILLAR OHLCV-1d aggregate + local validated call definitions; IV/Greeks not supplied,True,True
2024-09-10,PLTR  241011C00039000,2024-10-11,39,call,0.493470588235,170,8389,31,34.7599983215,0.121979340714,,,,,,DataBento OPRA.PILLAR OHLCV-1d aggregate + local validated call definitions; IV/Greeks not supplied,True,True
2024-09-10,PLTR  241011C00040000,2024-10-11,40,call,0.375941422594,239,8985,31,34.7599983215,0.150748041758,,,,,,DataBento OPRA.PILLAR OHLCV-1d aggregate + local validated call definitions; IV/Greeks not supplied,True,True
2024-09-10,PLTR  241011C00041000,2024-10-11,41,call,0.318,25,795,31,34.7599983215,0.179516742801,,,,,,DataBento OPRA.PILLAR OHLCV-1d aggregate + local validated call definitions; IV/Greeks not supplied,True,True
2024-09-10,PLTR  241011C00042000,2024-10-11,42,call,0.1784375,32,571,31,34.7599983215,0.208285443845,,,,,,DataBento OPRA.PILLAR OHLCV-1d aggregate + local validated call definitions; IV/Greeks not supplied,True,True
2024-09-10,PLTR  241011C00043000,2024-10-11,43,call,0.202696629213,89,1804,31,34.7599983215,0.237054144889,,,,,,DataBento OPRA.PILLAR OHLCV-1d aggregate + local validated call definitions; IV/Greeks not supplied,True,True
2024-09-10,PLTR  241011C00044000,2024-10-11,44,call,0.171621621622,74,1270,31,34.7599983215,0.265822845933,,,,,,DataBento OPRA.PILLAR OHLCV-1d aggregate + local validated call definitions; IV/Greeks not supplied,True,True
2024-09-10,PLTR  241011C00045000,2024-10-11,45,call,0.0914925373134,201,1839,31,34.7599983215,0.294591546977,,,,,,DataBento OPRA.PILLAR OHLCV-1d aggregate + local validated call definitions; IV/Greeks not supplied,True,True
2024-09-10,PLTR  241018C00034000,2024-10-18,34,call,2.56371171171,1665,426858,38,34.7599983215,-0.0218641645061,,,,,,DataBento OPRA.PILLAR OHLCV-1d aggregate + local validated call definitions; IV/Greeks not supplied,True,True
2024-09-10,PLTR  241018C00037000,2024-10-18,37,call,1.23712226067,1734,214517,38,34.7599983215,0.0644419386257,,,,,,DataBento OPRA.PILLAR OHLCV-1d aggregate + local validated call definitions; IV/Greeks not supplied,True,True
2024-09-10,PLTR  241018C00039000,2024-10-18,39,call,0.674504854369,515,34737,38,34.7599983215,0.121979340714,,,,,,DataBento OPRA.PILLAR OHLCV-1d aggregate + local validated call definitions; IV/Greeks not supplied,True,True
2024-09-10,PLTR  241018C00040000,2024-10-18,40,call,0.520378884632,2349,122237,38,34.7599983215,0.150748041758,,,,,,DataBento OPRA.PILLAR OHLCV-1d aggregate + local validated call definitions; IV/Greeks not supplied,True,True
2024-09-10,PLTR  241018C00041000,2024-10-18,41,call,0.378870689655,1160,43949,38,34.7599983215,0.179516742801,,,,,,DataBento OPRA.PILLAR OHLCV-1d aggregate + local validated call definitions; IV/Greeks not supplied,True,True
2024-09-10,PLTR  241018C00043000,2024-10-18,43,call,0.205714285714,91,1872,38,34.7599983215,0.237054144889,,,,,,DataBento OPRA.PILLAR OHLCV-1d aggregate + local validated call definitions; IV/Greeks not supplied,True,True
2024-09-10,PLTR  241018C00044000,2024-10-18,44,call,0.153333333333,6,92,38,34.7599983215,0.265822845933,,,,,,DataBento OPRA.PILLAR OHLCV-1d aggregate + local validated call definitions; IV/Greeks not supplied,True,True
2024-09-10,PLTR  241018C00048000,2024-10-18,48,call,0.0671681415929,113,759,38,34.7599983215,0.380897650109,,,,,,DataBento OPRA.PILLAR OHLCV-1d aggregate + local validated call definitions; IV/Greeks not supplied,True,True
2024-09-10,PLTR  241025C00032000,2024-10-25,32,call,3.779375,32,12094,45,34.7599983215,-0.079401566594,,,,,,DataBento OPRA.PILLAR OHLCV-1d aggregate + local validated call definitions; IV/Greeks not supplied,True,True
2024-09-10,PLTR  241025C00037000,2024-10-25,37,call,1.31474452555,137,18012,45,34.7599983215,0.0644419386257,,,,,,DataBento OPRA.PILLAR OHLCV-1d aggregate + local validated call definitions; IV/Greeks not supplied,True,True
2024-09-10,PLTR  241025C00038000,2024-10-25,38,call,1.09312664908,758,82859,45,34.7599983215,0.0932106396697,,,,,,DataBento OPRA.PILLAR OHLCV-1d aggregate + local validated call definitions; IV/Greeks not supplied,True,True
2024-09-10,PLTR  241025C00039000,2024-10-25,39,call,0.835862068966,29,2424,45,34.7599983215,0.121979340714,,,,,,DataBento OPRA.PILLAR OHLCV-1d aggregate + local validated call definitions; IV/Greeks not supplied,True,True
2024-09-10,PLTR  241025C00040000,2024-10-25,40,call,0.665750915751,273,18175,45,34.7599983215,0.150748041758,,,,,,DataBento OPRA.PILLAR OHLCV-1d aggregate + local validated call definitions; IV/Greeks not supplied,True,True
2024-09-10,PLTR  241025C00041000,2024-10-25,41,call,0.435714285714,7,305,45,34.7599983215,0.179516742801,,,,,,DataBento OPRA.PILLAR OHLCV-1d aggregate + local validated call definitions; IV/Greeks not supplied,True,True
2024-09-10,PLTR  241025C00042000,2024-10-25,42,call,0.35,15,525,45,34.7599983215,0.208285443845,,,,,,DataBento OPRA.PILLAR OHLCV-1d aggregate + local validated call definitions; IV/Greeks not supplied,True,True
2024-09-10,PLTR  241025C00043000,2024-10-25,43,call,0.2756,25,689,45,34.7599983215,0.237054144889,,,,,,DataBento OPRA.PILLAR OHLCV-1d aggregate + local validated call definitions; IV/Greeks not supplied,True,True
