date,selected_symbol,expiration,strike,dte,underlying_close,selection_input_underlying_close_t_minus_1,option_close,volume,daily_dollar_volume,lagged_median_dollar_volume_20obs,implied_volatility,modeled_delta,fallback_level,fallback_label,selection_available,reference_notice
2024-09-04,,,,,30.5900001526,,,,,,,,,,False,REFERENCE SELECTION ONLY — teammate may construct a different option selector.
2024-09-05,,,,,30.1599998474,,,,,,0.573557257001,,,,False,REFERENCE SELECTION ONLY — teammate may construct a different option selector.
2024-09-06,,,,,30.3299999237,,,,,,0.614603025633,,,,False,REFERENCE SELECTION ONLY — teammate may construct a different option selector.
2024-09-09,,,,,34.5999984741,,,,,,0.614603025633,,,,False,REFERENCE SELECTION ONLY — teammate may construct a different option selector.
2024-09-10,,,,,34.7599983215,,,,,,0.486871033385,,,,False,REFERENCE SELECTION ONLY — teammate may construct a different option selector.
2024-09-11,,,,,34.8499984741,,,,,,0.469323251612,,,,False,REFERENCE SELECTION ONLY — teammate may construct a different option selector.
2024-09-12,,,,,34.9099998474,,,,,,0.42456563842,,,,False,REFERENCE SELECTION ONLY — teammate may construct a different option selector.
2024-09-13,,,,,35.5900001526,,,,,,0.425205165954,,,,False,REFERENCE SELECTION ONLY — teammate may construct a different option selector.
2024-09-16,,,,,36.3100013733,,,,,,0.425205165954,,,,False,REFERENCE SELECTION ONLY — teammate may construct a different option selector.
2024-09-17,,,,,36.4500007629,,,,,,0.46095185218,,,,False,REFERENCE SELECTION ONLY — teammate may construct a different option selector.
2024-09-18,,,,,36.3800010681,,,,,,0.44333189464,,,,False,REFERENCE SELECTION ONLY — teammate may construct a different option selector.
2024-09-19,PLTR  241018C00037000,2024-10-18,37,29,36.8300018311,36.3800010681,1.62726171669,1899,309017,222723.5,0.452141373212,0.522186853406,0,L0_preferred_ATM35_DTE28_42,True,REFERENCE SELECTION ONLY — teammate may construct a different option selector.
2024-09-20,PLTR  241018C00037000,2024-10-18,37,28,37.2000007629,36.8300018311,1.80742669994,3206,579461,230930,0.413994037305,0.553477550143,0,L0_preferred_ATM35_DTE28_42,True,REFERENCE SELECTION ONLY — teammate may construct a different option selector.
2024-09-23,PLTR  241011C00037000,2024-10-11,37,18,37.9500007629,37.2000007629,1.96050069541,719,140960,68753,0.379382337675,0.644076512229,1,L1_fallback_ATM18_DTE15_22,True,REFERENCE SELECTION ONLY — teammate may construct a different option selector.
2024-09-24,PLTR  241025C00037000,2024-10-25,37,31,36.9000015259,37.9500007629,1.80336658354,1604,289260,52110,0.400975999218,0.52709722108,0,L0_preferred_ATM35_DTE28_42,True,REFERENCE SELECTION ONLY — teammate may construct a different option selector.
2024-09-25,PLTR  241025C00037000,2024-10-25,37,30,37.1199989319,36.9000015259,1.75937435897,975,171539,66214,0.420419035041,0.546893194182,0,L0_preferred_ATM35_DTE28_42,True,REFERENCE SELECTION ONLY — teammate may construct a different option selector.
2024-09-26,PLTR  241101C00037000,2024-11-01,37,36,37.0999984741,37.1199989319,2.14970967742,620,133282,80842,0.398342190003,0.547601329611,0,L0_preferred_ATM35_DTE28_42,True,REFERENCE SELECTION ONLY — teammate may construct a different option selector.
2024-09-27,PLTR  241101C00037000,2024-11-01,37,35,36.8400001526,37.0999984741,2.06025,200,41205,80872,0.419035442748,0.525807926425,0,L0_preferred_ATM35_DTE28_42,True,REFERENCE SELECTION ONLY — teammate may construct a different option selector.
2024-09-30,PLTR  241101C00037000,2024-11-01,37,32,37.2000007629,36.8400001526,2.02658878505,428,86738,80842,0.401155705078,0.554875759875,0,L0_preferred_ATM35_DTE28_42,True,REFERENCE SELECTION ONLY — teammate may construct a different option selector.
2024-10-01,PLTR  241101C00037000,2024-11-01,37,31,36.4599990845,37.2000007629,1.77719376392,449,79796,80872,0.406692796792,0.487021606098,0,L0_preferred_ATM35_DTE28_42,True,REFERENCE SELECTION ONLY — teammate may construct a different option selector.
2024-10-02,PLTR  241101C00036000,2024-11-01,36,30,37.4900016785,36.4599990845,2.77383333333,120,33286,55203.5,0.438163291855,0.660965702029,0,L0_preferred_ATM35_DTE28_42,True,REFERENCE SELECTION ONLY — teammate may construct a different option selector.
2024-10-03,PLTR  241101C00037000,2024-11-01,37,29,39.2400016785,37.4900016785,3.23901176471,425,137658,80872,0.426427119061,0.71865833232,0,L0_preferred_ATM35_DTE28_42,True,REFERENCE SELECTION ONLY — teammate may construct a different option selector.
2024-10-04,PLTR  241115C00039000,2024-11-15,39,42,40.0099983215,39.2400016785,3.77711401425,842,318033,107364.5,0.435044804745,0.611077304392,0,L0_preferred_ATM35_DTE28_42,True,REFERENCE SELECTION ONLY — teammate may construct a different option selector.
2024-10-07,PLTR  241115C00040000,2024-11-15,40,39,38.8899993896,40.0099983215,2.76813171081,2794,773416,561149.5,0.401419058743,0.455323158002,0,L0_preferred_ATM35_DTE28_42,True,REFERENCE SELECTION ONLY — teammate may construct a different option selector.
2024-10-08,PLTR  241115C00039000,2024-11-15,39,38,41.4500007629,38.8899993896,4.74962711864,885,420342,107364.5,0.457874189307,0.697762001339,0,L0_preferred_ATM35_DTE28_42,True,REFERENCE SELECTION ONLY — teammate may construct a different option selector.
2024-10-09,PLTR  241115C00042000,2024-11-15,42,37,43.1300010681,41.4500007629,4.18837485516,3452,1445827,57259.5,0.425388365853,0.616928870781,0,L0_preferred_ATM35_DTE28_42,True,REFERENCE SELECTION ONLY — teammate may construct a different option selector.
2024-10-10,PLTR  241115C00043000,2024-11-15,43,36,43.5200004578,43.1300010681,3.93674603175,1008,396824,55100.5,0.452640604677,0.574114379808,0,L0_preferred_ATM35_DTE28_42,True,REFERENCE SELECTION ONLY — teammate may construct a different option selector.
2024-10-11,PLTR  241115C00043000,2024-11-15,43,35,43.5099983215,43.5200004578,3.62853918495,1595,578752,58364,0.461073873117,0.573068493575,0,L0_preferred_ATM35_DTE28_42,True,REFERENCE SELECTION ONLY — teammate may construct a different option selector.
2024-10-14,PLTR  241115C00043000,2024-11-15,43,32,43.4000015259,43.5099983215,3.84312146893,708,272093,58877.5,0.461073873117,0.565521079722,0,L0_preferred_ATM35_DTE28_42,True,REFERENCE SELECTION ONLY — teammate may construct a different option selector.
2024-10-15,PLTR  241115C00043000,2024-11-15,43,31,42.4300003052,43.4000015259,3.08684627575,631,194780,58877.5,0.539259189073,0.507174774188,0,L0_preferred_ATM35_DTE28_42,True,REFERENCE SELECTION ONLY — teammate may construct a different option selector.
2024-10-16,PLTR  241115C00042000,2024-11-15,42,30,41.9300003052,42.4300003052,3.28182887002,1531,502448,123364.5,0.455204778881,0.532203950892,0,L0_preferred_ATM35_DTE28_42,True,REFERENCE SELECTION ONLY — teammate may construct a different option selector.
2024-10-17,PLTR  241115C00042000,2024-11-15,42,29,42,41.9300003052,3.26162361624,542,176780,175789.5,0.447558319852,0.536419845159,0,L0_preferred_ATM35_DTE28_42,True,REFERENCE SELECTION ONLY — teammate may construct a different option selector.
2024-10-18,PLTR  241115C00042000,2024-11-15,42,28,42.9700012207,42,3.82973751601,1562,598205,187323.5,0.432835766805,0.609952339159,0,L0_preferred_ATM35_DTE28_42,True,REFERENCE SELECTION ONLY — teammate may construct a different option selector.
2024-10-21,PLTR  241108C00043000,2024-11-08,43,18,42.7000007629,42.9700012207,2.97077966102,590,175276,121907.5,0.765865523384,0.522695929252,1,L1_fallback_ATM18_DTE15_22,True,REFERENCE SELECTION ONLY — teammate may construct a different option selector.
2024-10-22,PLTR  241108C00043000,2024-11-08,43,17,42.9399986267,42.7000007629,3.12399577167,473,147765,126159,0.813560001952,0.536560685035,1,L1_fallback_ATM18_DTE15_22,True,REFERENCE SELECTION ONLY — teammate may construct a different option selector.
2024-10-23,PLTR  241108C00043000,2024-11-08,43,16,42.5900001526,42.9399986267,2.89898477157,591,171330,129739,0.842392528164,0.517965985873,1,L1_fallback_ATM18_DTE15_22,True,REFERENCE SELECTION ONLY — teammate may construct a different option selector.
2024-10-24,PLTR  241108C00043000,2024-11-08,43,15,43.5600013733,42.5900001526,3.41035252644,851,290221,133319,0.851491244581,0.568273762278,1,L1_fallback_ATM18_DTE15_22,True,REFERENCE SELECTION ONLY — teammate may construct a different option selector.
2024-10-25,PLTR  241115C00044000,2024-11-15,44,21,44.8600006104,43.5600013733,3.92479262673,651,255504,184817,0.857750985969,0.582985986852,1,L1_fallback_ATM18_DTE15_22,True,REFERENCE SELECTION ONLY — teammate may construct a different option selector.
2024-10-28,PLTR  241115C00045000,2024-11-15,45,18,44.9700012207,44.8600006104,3.46947752126,2469,856614,531570,0.805197456926,0.539068176177,1,L1_fallback_ATM18_DTE15_22,True,REFERENCE SELECTION ONLY — teammate may construct a different option selector.
2024-10-29,PLTR  241115C00045000,2024-11-15,45,17,44.9300003052,44.9700012207,3.31,1207,399517,632567,0.864056417685,0.538290768195,1,L1_fallback_ATM18_DTE15_22,True,REFERENCE SELECTION ONLY — teammate may construct a different option selector.
2024-10-30,PLTR  241115C00045000,2024-11-15,45,16,43.6899986267,44.9300003052,2.81277997365,1518,426980,632567,0.853967523798,0.474164440481,1,L1_fallback_ATM18_DTE15_22,True,REFERENCE SELECTION ONLY — teammate may construct a different option selector.
2024-10-31,PLTR  241115C00044000,2024-11-15,44,15,41.5600013733,43.6899986267,2.10922630561,517,109047,241445,0.940531435203,0.423013448009,1,L1_fallback_ATM18_DTE15_22,True,REFERENCE SELECTION ONLY — teammate may construct a different option selector.
2024-11-01,,,,,41.9199981689,,,,,,0.923705860629,,,,False,REFERENCE SELECTION ONLY — teammate may construct a different option selector.
2024-11-04,,,,,41.4099998474,,,,,,0.834609820091,,,,False,REFERENCE SELECTION ONLY — teammate may construct a different option selector.
2024-11-05,,,,,51.1300010681,,,,,,0.894755864583,,,,False,REFERENCE SELECTION ONLY — teammate may construct a different option selector.
2024-11-06,,,,,55.5299987793,,,,,,0.55016782232,,,,False,REFERENCE SELECTION ONLY — teammate may construct a different option selector.
2024-11-07,,,,,55.8800010681,,,,,,0.46315367715,,,,False,REFERENCE SELECTION ONLY — teammate may construct a different option selector.
2024-11-08,,,,,58.3899993896,,,,,,0.45106827373,,,,False,REFERENCE SELECTION ONLY — teammate may construct a different option selector.
2024-11-11,,,,,60.2400016785,,,,,,0.44916709314,,,,False,REFERENCE SELECTION ONLY — teammate may construct a different option selector.
2024-11-12,,,,,59.8499984741,,,,,,0.568631330452,,,,False,REFERENCE SELECTION ONLY — teammate may construct a different option selector.
2024-11-13,,,,,60.7000007629,,,,,,0.506838511814,,,,False,REFERENCE SELECTION ONLY — teammate may construct a different option selector.
2024-11-14,,,,,59.1800003052,,,,,,0.557587647478,,,,False,REFERENCE SELECTION ONLY — teammate may construct a different option selector.
2024-11-15,,,,,65.7699966431,,,,,,0.529518961835,,,,False,REFERENCE SELECTION ONLY — teammate may construct a different option selector.
2024-11-18,,,,,61.2599983215,,,,,,0.5897563661,,,,False,REFERENCE SELECTION ONLY — teammate may construct a different option selector.
2024-11-19,,,,,62.9799995422,,,,,,0.603259403706,,,,False,REFERENCE SELECTION ONLY — teammate may construct a different option selector.
2024-11-20,PLTR  241206C00063000,2024-12-06,63,16,62.1199989319,62.9799995422,2.71709008241,3519,956144,133210,0.564558564457,0.482764108692,1,L1_fallback_ATM18_DTE15_22,True,REFERENCE SELECTION ONLY — teammate may construct a different option selector.
2024-11-21,PLTR  241206C00062000,2024-12-06,62,15,61.3600006104,62.1199989319,2.551453031,2161,551369,141383,0.582099274325,0.494711144422,1,L1_fallback_ATM18_DTE15_22,True,REFERENCE SELECTION ONLY — teammate may construct a different option selector.
2024-11-22,PLTR  241213C00061000,2024-12-13,61,21,64.3499984741,61.3600006104,4.91216630197,457,224486,73160,0.555237860139,0.687034512718,1,L1_fallback_ATM18_DTE15_22,True,REFERENCE SELECTION ONLY — teammate may construct a different option selector.
2024-11-25,PLTR  241227C00065000,2024-12-27,65,32,64.6500015259,64.3499984741,4.16036935705,731,304123,202138.5,0.528759442025,0.527502970516,0,L0_preferred_ATM35_DTE28_42,True,REFERENCE SELECTION ONLY — teammate may construct a different option selector.
2024-11-26,PLTR  241227C00065000,2024-12-27,65,31,65.7399978638,64.6500015259,4.09772727273,286,117195,238137,0.588332286752,0.569084263038,0,L0_preferred_ATM35_DTE28_42,True,REFERENCE SELECTION ONLY — teammate may construct a different option selector.
2024-11-27,PLTR  241227C00066000,2024-12-27,66,30,66.0500030518,65.7399978638,3.99070981211,479,191155,51512,0.500222011649,0.540929735001,0,L0_preferred_ATM35_DTE28_42,True,REFERENCE SELECTION ONLY — teammate may construct a different option selector.
2024-11-29,PLTR  241227C00066000,2024-12-27,66,28,67.0800018311,66.0500030518,4.04884146341,164,66401,52120,0.497409089734,0.583851685231,0,L0_preferred_ATM35_DTE28_42,True,REFERENCE SELECTION ONLY — teammate may construct a different option selector.
2024-12-02,,,,,66.3899993896,,,,,,0.513136014106,,,,False,REFERENCE SELECTION ONLY — teammate may construct a different option selector.
2024-12-03,PLTR  241220C00066000,2024-12-20,66,17,70.9599990845,66.3899993896,6.55391782832,2726,1786598,310935,0.525666607862,0.7623650093,1,L1_fallback_ATM18_DTE15_22,True,REFERENCE SELECTION ONLY — teammate may construct a different option selector.
2024-12-04,PLTR  241220C00070000,2024-12-20,70,16,69.8499984741,70.9599990845,3.615125705,10461,3781783,1011992,0.610537111881,0.524943105675,1,L1_fallback_ATM18_DTE15_22,True,REFERENCE SELECTION ONLY — teammate may construct a different option selector.
2024-12-05,PLTR  241220C00070000,2024-12-20,70,15,71.8700027466,69.8499984741,4.5408816588,5932,2693651,1188364.5,0.621047686035,0.61295971846,1,L1_fallback_ATM18_DTE15_22,True,REFERENCE SELECTION ONLY — teammate may construct a different option selector.
2024-12-06,PLTR  250103C00070000,2025-01-03,70,28,76.3399963379,71.8700027466,8.67414267835,799,693064,99092.5,0.607546672728,0.732337535448,0,L0_preferred_ATM35_DTE28_42,True,REFERENCE SELECTION ONLY — teammate may construct a different option selector.
2024-12-09,PLTR  250117C00075000,2025-01-17,75,39,72.4599990845,76.3399963379,5.07336100303,11565,5867342,1007428,0.587714100936,0.476771709176,0,L0_preferred_ATM35_DTE28_42,True,REFERENCE SELECTION ONLY — teammate may construct a different option selector.
2024-12-10,,,,,70.8899993896,,,,,,0.626496333805,,,,False,REFERENCE SELECTION ONLY — teammate may construct a different option selector.
2024-12-11,PLTR  250117C00070000,2025-01-17,70,37,72.5100021362,70.8899993896,7.15313458262,4109,2939223,1487127,0.665541683235,0.615518576805,0,L0_preferred_ATM35_DTE28_42,True,REFERENCE SELECTION ONLY — teammate may construct a different option selector.
2024-12-12,PLTR  250110C00073000,2025-01-10,73,29,73.1999969482,72.5100021362,5.29834983498,606,321080,55416,0.637385523931,0.549722173133,0,L0_preferred_ATM35_DTE28_42,True,REFERENCE SELECTION ONLY — teammate may construct a different option selector.
2024-12-13,PLTR  250117C00072500,2025-01-17,72.5,35,76.0699996948,73.1999969482,7.77992567568,1480,1151429,913829,0.630844466222,0.642751479849,0,L0_preferred_ATM35_DTE28_42,True,REFERENCE SELECTION ONLY — teammate may construct a different option selector.
2024-12-16,PLTR  250117C00075000,2025-01-17,75,32,75.75,76.0699996948,6.2795432735,11254,7066998,1609160.5,0.634624194643,0.566670051944,0,L0_preferred_ATM35_DTE28_42,True,REFERENCE SELECTION ONLY — teammate may construct a different option selector.
2024-12-17,PLTR  250117C00075000,2025-01-17,75,31,74.3899993896,75.75,5.33313216851,9329,4975279,1609160.5,0.66281587812,0.529530664777,0,L0_preferred_ATM35_DTE28_42,True,REFERENCE SELECTION ONLY — teammate may construct a different option selector.
2024-12-18,PLTR  250117C00075000,2025-01-17,75,30,71.5100021362,74.3899993896,4.26538372824,9538,4068323,1889948.5,0.652486500382,0.443765429246,0,L0_preferred_ATM35_DTE28_42,True,REFERENCE SELECTION ONLY — teammate may construct a different option selector.
2024-12-19,PLTR  250124C00072000,2025-01-24,72,36,74.2099990845,71.5100021362,7.642,110,84062,189863.5,0.707724416081,0.605312694329,0,L0_preferred_ATM35_DTE28_42,True,REFERENCE SELECTION ONLY — teammate may construct a different option selector.
2024-12-20,PLTR  250124C00075000,2025-01-24,75,35,80.5500030518,74.2099990845,8.59748768473,609,523587,382451,0.764130496833,0.669398226526,0,L0_preferred_ATM35_DTE28_42,True,REFERENCE SELECTION ONLY — teammate may construct a different option selector.
2024-12-23,PLTR  250124C00080000,2025-01-24,80,32,80.6900024414,80.5500030518,6.36430809399,1149,731259,437109.5,0.611317753187,0.563459151619,0,L0_preferred_ATM35_DTE28_42,True,REFERENCE SELECTION ONLY — teammate may construct a different option selector.
2024-12-24,PLTR  250124C00080000,2025-01-24,80,31,82.3799972534,80.6900024414,6.94391384389,5432,3771934,545993,0.615733277049,0.608108497391,0,L0_preferred_ATM35_DTE28_42,True,REFERENCE SELECTION ONLY — teammate may construct a different option selector.
2024-12-26,PLTR  250124C00080000,2025-01-24,80,29,82.1399993896,82.3799972534,6.71631304348,575,386188,548995.5,0.615733277049,0.602367876929,0,L0_preferred_ATM35_DTE28_42,True,REFERENCE SELECTION ONLY — teammate may construct a different option selector.
2024-12-27,PLTR  250131C00080000,2025-01-31,80,35,79.0800018311,82.1399993896,6.03556423611,1152,695297,368466,0.596018353574,0.52113083246,0,L0_preferred_ATM35_DTE28_42,True,REFERENCE SELECTION ONLY — teammate may construct a different option selector.
2024-12-30,PLTR  250131C00080000,2025-01-31,80,32,77.1800003052,79.0800018311,4.67089771891,2718,1269550,369862,0.619469846268,0.467152213913,0,L0_preferred_ATM35_DTE28_42,True,REFERENCE SELECTION ONLY — teammate may construct a different option selector.
2024-12-31,PLTR  250131C00077000,2025-01-31,77,31,75.6299972534,77.1800003052,4.87550314465,318,155041,66157.5,0.650422881639,0.508069988689,0,L0_preferred_ATM35_DTE28_42,True,REFERENCE SELECTION ONLY — teammate may construct a different option selector.
2025-01-02,PLTR  250131C00076000,2025-01-31,76,29,75.1900024414,75.6299972534,4.48945,200,89789,77173,0.600288895298,0.516912762842,0,L0_preferred_ATM35_DTE28_42,True,REFERENCE SELECTION ONLY — teammate may construct a different option selector.
2025-01-03,PLTR  250131C00075000,2025-01-31,75,28,79.8899993896,75.1900024414,7.86508982036,334,262694,238913.5,0.558290108728,0.694314046463,0,L0_preferred_ATM35_DTE28_42,True,REFERENCE SELECTION ONLY — teammate may construct a different option selector.
2025-01-06,PLTR  250124C00080000,2025-01-24,80,18,75.9199981689,79.8899993896,2.2701754386,3933,892860,466090.5,0.551052805151,0.363753522521,1,L1_fallback_ATM18_DTE15_22,True,REFERENCE SELECTION ONLY — teammate may construct a different option selector.
2025-01-07,PLTR  250124C00076000,2025-01-24,76,17,69.9899978638,75.9199981689,1.63700516351,581,95110,73899.5,0.567389262085,0.276112055926,1,L1_fallback_ATM18_DTE15_22,True,REFERENCE SELECTION ONLY — teammate may construct a different option selector.
2025-01-08,PLTR  250124C00070000,2025-01-24,70,16,68.2300033569,69.9899978638,2.50862485939,3556,892067,130533,0.595086367998,0.449301143745,1,L1_fallback_ATM18_DTE15_22,True,REFERENCE SELECTION ONLY — teammate may construct a different option selector.
2025-01-10,PLTR  250221C00067500,2025-02-21,67.5,42,67.2600021362,68.2300033569,6.67619140625,512,341821,149576,0.573562445051,0.542045441499,0,L0_preferred_ATM35_DTE28_42,True,REFERENCE SELECTION ONLY — teammate may construct a different option selector.
2025-01-13,PLTR  250221C00067500,2025-02-21,67.5,39,64.9800033569,67.2600021362,4.97146082337,1506,748702,149576,0.72993834354,0.492017359807,0,L0_preferred_ATM35_DTE28_42,True,REFERENCE SELECTION ONLY — teammate may construct a different option selector.
2025-01-14,PLTR  250221C00065000,2025-02-21,65,38,65.9100036621,64.9800033569,6.72230897704,2395,1609993,587388.5,0.5558175126,0.576644286984,0,L0_preferred_ATM35_DTE28_42,True,REFERENCE SELECTION ONLY — teammate may construct a different option selector.
2025-01-15,PLTR  250221C00065000,2025-02-21,65,37,68.1399993896,65.9100036621,8.19021812081,596,488137,631923,0.580268787197,0.645210980864,0,L0_preferred_ATM35_DTE28_42,True,REFERENCE SELECTION ONLY — teammate may construct a different option selector.
2025-01-16,PLTR  250221C00067500,2025-02-21,67.5,36,69.2399978638,68.1399993896,7.70172248804,418,321932,242445.5,0.592212175119,0.600136645919,0,L0_preferred_ATM35_DTE28_42,True,REFERENCE SELECTION ONLY — teammate may construct a different option selector.
2025-01-17,PLTR  250221C00067500,2025-02-21,67.5,35,71.7699966431,69.2399978638,8.93967930029,343,306631,249635,0.61490630643,0.670033019078,0,L0_preferred_ATM35_DTE28_42,True,REFERENCE SELECTION ONLY — teammate may construct a different option selector.
2025-01-21,PLTR  250221C00072500,2025-02-21,72.5,31,73.0699996948,71.7699966431,6.80535714286,560,381100,317911.5,0.865274794622,0.568397554546,0,L0_preferred_ATM35_DTE28_42,True,REFERENCE SELECTION ONLY — teammate may construct a different option selector.
2025-01-22,PLTR  250221C00072500,2025-02-21,72.5,30,76.8700027466,73.0699996948,9.01220779221,385,346970,317911.5,0.903048030291,0.644236596057,0,L0_preferred_ATM35_DTE28_42,True,REFERENCE SELECTION ONLY — teammate may construct a different option selector.
2025-01-23,PLTR  250221C00075000,2025-02-21,75,29,78.9800033569,76.8700027466,8.72324766355,1284,1120065,1279405.5,0.929130420196,0.633836384487,0,L0_preferred_ATM35_DTE28_42,True,REFERENCE SELECTION ONLY — teammate may construct a different option selector.
2025-01-24,PLTR  250228C00080000,2025-02-28,80,35,78.9800033569,78.9800033569,6.92882352941,442,306254,70153.5,0.903835331686,0.543601619386,0,L0_preferred_ATM35_DTE28_42,True,REFERENCE SELECTION ONLY — teammate may construct a different option selector.
2025-01-27,PLTR  250228C00080000,2025-02-28,80,32,75.4400024414,78.9800033569,5.08096947935,557,283010,78673,0.869348209154,0.466540585631,0,L0_preferred_ATM35_DTE28_42,True,REFERENCE SELECTION ONLY — teammate may construct a different option selector.
2025-01-28,PLTR  250228C00075000,2025-02-28,75,31,80.2300033569,75.4400024414,10.4106785714,280,291499,60479,0.917002733243,0.655481921461,0,L0_preferred_ATM35_DTE28_42,True,REFERENCE SELECTION ONLY — teammate may construct a different option selector.
2025-01-29,PLTR  250228C00080000,2025-02-28,80,30,79.7600021362,80.2300033569,7.48748768473,203,151996,99362,0.996718085239,0.557764693731,0,L0_preferred_ATM35_DTE28_42,True,REFERENCE SELECTION ONLY — teammate may construct a different option selector.
2025-01-30,PLTR  250228C00080000,2025-02-28,80,29,81.2200012207,79.7600021362,8.15417547569,946,771385,125679,1.00275415561,0.582198296082,0,L0_preferred_ATM35_DTE28_42,True,REFERENCE SELECTION ONLY — teammate may construct a different option selector.
2025-01-31,PLTR  250228C00080000,2025-02-28,80,28,82.4899978638,81.2200012207,9.48977419355,310,294183,151996,1.00659630274,0.603230785289,0,L0_preferred_ATM35_DTE28_42,True,REFERENCE SELECTION ONLY — teammate may construct a different option selector.
2025-02-03,,,,,83.7399978638,,,,,,1.00659630274,,,,False,REFERENCE SELECTION ONLY — teammate may construct a different option selector.
2025-02-04,PLTR  250221C00085000,2025-02-21,85,17,103.830001831,83.7399978638,19.3015708275,7843,15138222,734837.5,0.955676304568,0.860706061325,1,L1_fallback_ATM18_DTE15_22,True,REFERENCE SELECTION ONLY — teammate may construct a different option selector.
2025-02-05,,,,,101.36000061,,,,,,0.628372458916,,,,False,REFERENCE SELECTION ONLY — teammate may construct a different option selector.
2025-02-06,,,,,111.279998779,,,,,,0.539773062458,,,,False,REFERENCE SELECTION ONLY — teammate may construct a different option selector.
2025-02-07,,,,,110.849998474,,,,,,0.5972413943,,,,False,REFERENCE SELECTION ONLY — teammate may construct a different option selector.
2025-02-10,,,,,116.650001526,,,,,,0.709871949215,,,,False,REFERENCE SELECTION ONLY — teammate may construct a different option selector.
2025-02-11,,,,,112.620002747,,,,,,0.616033492792,,,,False,REFERENCE SELECTION ONLY — teammate may construct a different option selector.
2025-02-12,,,,,117.38999939,,,,,,0.647541725637,,,,False,REFERENCE SELECTION ONLY — teammate may construct a different option selector.
2025-02-13,,,,,117.910003662,,,,,,0.593771662776,,,,False,REFERENCE SELECTION ONLY — teammate may construct a different option selector.
2025-02-14,,,,,119.160003662,,,,,,0.55279522835,,,,False,REFERENCE SELECTION ONLY — teammate may construct a different option selector.
2025-02-18,PLTR  250307C00119000,2025-03-07,119,17,124.620002747,119.160003662,9.09057342657,715,649976,59710.5,0.56927875441,0.675118039851,1,L1_fallback_ATM18_DTE15_22,True,REFERENCE SELECTION ONLY — teammate may construct a different option selector.
2025-02-19,PLTR  250321C00125000,2025-03-21,125,30,112.059997559,124.620002747,3.77246316116,6447,2432107,866472,0.612164995768,0.303681748269,0,L0_preferred_ATM35_DTE28_42,True,REFERENCE SELECTION ONLY — teammate may construct a different option selector.
2025-02-20,PLTR  250307C00112000,2025-03-07,112,15,106.269996643,112.059997559,3.7552484472,1288,483676,146407,0.693112610553,0.385778207856,1,L1_fallback_ATM18_DTE15_22,True,REFERENCE SELECTION ONLY — teammate may construct a different option selector.
2025-02-21,PLTR  250328C00105000,2025-03-28,105,35,101.349998474,106.269996643,7.10255874674,383,272028,88892,0.692023478325,0.484915480679,0,L0_preferred_ATM35_DTE28_42,True,REFERENCE SELECTION ONLY — teammate may construct a different option selector.
2025-02-24,PLTR  250328C00100000,2025-03-28,100,32,90.6800003052,101.349998474,4.11059551887,1696,697157,120101,0.725631066742,0.370867135969,0,L0_preferred_ATM35_DTE28_42,True,REFERENCE SELECTION ONLY — teammate may construct a different option selector.
2025-02-25,PLTR  250314C00090000,2025-03-14,90,17,87.8399963379,90.6800003052,4.62391157989,4456,2060415,90656,0.771470835057,0.480032225931,1,L1_fallback_ATM18_DTE15_22,True,REFERENCE SELECTION ONLY — teammate may construct a different option selector.
2025-02-26,PLTR  250328C00090000,2025-03-28,90,30,89.3099975586,87.8399963379,6.90313609467,676,466652,63724,0.759689931675,0.536072291143,0,L0_preferred_ATM35_DTE28_42,True,REFERENCE SELECTION ONLY — teammate may construct a different option selector.
2025-02-27,PLTR  250328C00090000,2025-03-28,90,29,84.7699966431,89.3099975586,4.68887179487,975,457165,94469.5,0.718147331658,0.429802414197,0,L0_preferred_ATM35_DTE28_42,True,REFERENCE SELECTION ONLY — teammate may construct a different option selector.
2025-02-28,PLTR  250328C00087000,2025-03-28,87,28,84.9199981689,84.7699966431,5.005,68,34034,74590,0.828628347649,0.509715719007,0,L0_preferred_ATM35_DTE28_42,True,REFERENCE SELECTION ONLY — teammate may construct a different option selector.
2025-03-03,PLTR  250404C00085000,2025-04-04,85,32,83.4199981689,84.9199981689,7.12028985507,276,196520,107614.5,0.695826809395,0.512402397897,0,L0_preferred_ATM35_DTE28_42,True,REFERENCE SELECTION ONLY — teammate may construct a different option selector.
2025-03-04,PLTR  250404C00085000,2025-04-04,85,31,84.4000015259,83.4199981689,7.59159292035,226,171570,115988,0.790155927833,0.540213778269,0,L0_preferred_ATM35_DTE28_42,True,REFERENCE SELECTION ONLY — teammate may construct a different option selector.
2025-03-05,PLTR  250404C00085000,2025-04-04,85,30,90.1299972534,84.4000015259,9.21054237288,295,271711,131455.5,0.928045545114,0.643260740708,0,L0_preferred_ATM35_DTE28_42,True,REFERENCE SELECTION ONLY — teammate may construct a different option selector.
2025-03-06,PLTR  250404C00090000,2025-04-04,90,29,80.4599990845,90.1299972534,4.01303543914,649,260446,305506,0.744553590326,0.340194900859,0,L0_preferred_ATM35_DTE28_42,True,REFERENCE SELECTION ONLY — teammate may construct a different option selector.
2025-03-07,PLTR  250417C00080000,2025-04-17,80,41,84.9100036621,80.4599990845,10.7641877702,1619,1742722,853976.5,0.927490096663,0.641811987688,0,L0_preferred_ATM35_DTE28_42,True,REFERENCE SELECTION ONLY — teammate may construct a different option selector.
2025-03-10,PLTR  250417C00085000,2025-04-17,85,38,76.3799972534,84.9100036621,4.49796036334,2422,1089406,1133532.5,0.758959161917,0.383966387515,0,L0_preferred_ATM35_DTE28_42,True,REFERENCE SELECTION ONLY — teammate may construct a different option selector.
2025-03-11,PLTR  250417C00077500,2025-04-17,77.5,37,78.0500030518,76.3799972534,9.00013888889,432,388806,144309.5,0.887551759387,0.572389144313,0,L0_preferred_ATM35_DTE28_42,True,REFERENCE SELECTION ONLY — teammate may construct a different option selector.
2025-03-12,PLTR  250417C00077500,2025-04-17,77.5,36,83.6500015259,78.0500030518,11.3513138686,137,155513,144309.5,1.03905017926,0.659381560403,0,L0_preferred_ATM35_DTE28_42,True,REFERENCE SELECTION ONLY — teammate may construct a different option selector.
2025-03-13,PLTR  250417C00085000,2025-04-17,85,35,79.6200027466,83.6500015259,5.2568326301,3555,1868804,1228939,0.849790798482,0.459971989634,0,L0_preferred_ATM35_DTE28_42,True,REFERENCE SELECTION ONLY — teammate may construct a different option selector.
2025-03-14,PLTR  250417C00080000,2025-04-17,80,34,86.2399978638,79.6200027466,11.4045489443,1563,1782531,1093204.5,0.833217134414,0.669662461988,0,L0_preferred_ATM35_DTE28_42,True,REFERENCE SELECTION ONLY — teammate may construct a different option selector.
2025-03-17,PLTR  250417C00085000,2025-04-17,85,31,87.3499984741,86.2399978638,8.53759726604,1902,1623851,1433511.5,0.748819266364,0.599323506303,0,L0_preferred_ATM35_DTE28_42,True,REFERENCE SELECTION ONLY — teammate may construct a different option selector.
2025-03-18,PLTR  250417C00085000,2025-04-17,85,30,83.8899993896,87.3499984741,6.49361252731,1373,891573,1465121.5,0.748819266364,0.525251514511,0,L0_preferred_ATM35_DTE28_42,True,REFERENCE SELECTION ONLY — teammate may construct a different option selector.
2025-03-19,PLTR  250417C00085000,2025-04-17,85,29,86.0999984741,83.8899993896,7.52541069723,2094,1575821,1465121.5,0.771696954077,0.573114588163,0,L0_preferred_ATM35_DTE28_42,True,REFERENCE SELECTION ONLY — teammate may construct a different option selector.
2025-03-20,PLTR  250425C00085000,2025-04-25,85,36,87.3899993896,86.0999984741,8.75866791745,533,466837,123316.5,0.725503891568,0.600679258466,0,L0_preferred_ATM35_DTE28_42,True,REFERENCE SELECTION ONLY — teammate may construct a different option selector.
2025-03-21,PLTR  250425C00088000,2025-04-25,88,35,90.9599990845,87.3899993896,7.98141891892,148,118125,51965,0.725503891568,0.609798962012,0,L0_preferred_ATM35_DTE28_42,True,REFERENCE SELECTION ONLY — teammate may construct a different option selector.
2025-03-24,PLTR  250425C00090000,2025-04-25,90,32,96.75,90.9599990845,10.6141108987,523,555118,167862,0.621276486005,0.693770282858,0,L0_preferred_ATM35_DTE28_42,True,REFERENCE SELECTION ONLY — teammate may construct a different option selector.
2025-03-25,PLTR  250425C00095000,2025-04-25,95,31,96.5,96.75,7.4561423221,534,398158,59324,0.654752111851,0.578296739985,0,L0_preferred_ATM35_DTE28_42,True,REFERENCE SELECTION ONLY — teammate may construct a different option selector.
2025-03-26,PLTR  250425C00095000,2025-04-25,95,30,92.2799987793,96.5,5.17619178082,365,188931,60992,0.618636086677,0.47836492368,0,L0_preferred_ATM35_DTE28_42,True,REFERENCE SELECTION ONLY — teammate may construct a different option selector.
2025-03-27,PLTR  250502C00090000,2025-05-02,90,36,90.0899963379,92.2799987793,8.52647058824,85,72475,68447.5,0.618636086677,0.549790272212,0,L0_preferred_ATM35_DTE28_42,True,REFERENCE SELECTION ONLY — teammate may construct a different option selector.
2025-03-28,PLTR  250502C00090000,2025-05-02,90,35,85.8499984741,90.0899963379,5.27408805031,318,167716,72475,0.686908837494,0.462039801686,0,L0_preferred_ATM35_DTE28_42,True,REFERENCE SELECTION ONLY — teammate may construct a different option selector.
2025-03-31,PLTR  250502C00085000,2025-05-02,85,32,84.4000015259,85.8499984741,6.62928358209,335,222081,51618.5,0.675120241334,0.533570438001,0,L0_preferred_ATM35_DTE28_42,True,REFERENCE SELECTION ONLY — teammate may construct a different option selector.
2025-04-01,PLTR  250502C00085000,2025-05-02,85,31,84.6800003052,84.4000015259,6.46582733813,278,179750,53343,0.702897370573,0.540886508958,0,L0_preferred_ATM35_DTE28_42,True,REFERENCE SELECTION ONLY — teammate may construct a different option selector.
2025-04-02,PLTR  250502C00085000,2025-05-02,85,30,87.4499969482,84.6800003052,7.76105042017,238,184713,68050,0.697396044096,0.60279631494,0,L0_preferred_ATM35_DTE28_42,True,REFERENCE SELECTION ONLY — teammate may construct a different option selector.
2025-04-03,PLTR  250502C00087000,2025-05-02,87,29,83.5999984741,87.4499969482,5.97681818182,132,78894,60342,0.697396044096,0.465606882743,0,L0_preferred_ATM35_DTE28_42,True,REFERENCE SELECTION ONLY — teammate may construct a different option selector.
2025-04-04,PLTR  250502C00085000,2025-05-02,85,28,74.0100021362,83.5999984741,3.65022865854,656,239455,91195.5,0.805991224773,0.310963657701,0,L0_preferred_ATM35_DTE28_42,True,REFERENCE SELECTION ONLY — teammate may construct a different option selector.
2025-04-07,,,,,77.8399963379,,,,,,1.06761156995,,,,False,REFERENCE SELECTION ONLY — teammate may construct a different option selector.
2025-04-08,PLTR  250516C00077500,2025-05-16,77.5,38,77.3199996948,77.8399963379,10.9275296912,421,460049,86120,0.951115431952,0.564005480821,0,L0_preferred_ATM35_DTE28_42,True,REFERENCE SELECTION ONLY — teammate may construct a different option selector.
2025-04-09,PLTR  250516C00077500,2025-05-16,77.5,37,92.0100021362,77.3199996948,18.4871827411,394,728395,86120,1.09571574946,0.751573077913,0,L0_preferred_ATM35_DTE28_42,True,REFERENCE SELECTION ONLY — teammate may construct a different option selector.
2025-04-10,PLTR  250425C00090000,2025-04-25,90,15,88.5899963379,92.0100021362,5.45613818425,2996,1634659,208786.5,0.793172122686,0.497483572196,1,L1_fallback_ATM18_DTE15_22,True,REFERENCE SELECTION ONLY — teammate may construct a different option selector.
2025-04-11,PLTR  250502C00090000,2025-05-02,90,21,88.5500030518,88.5899963379,5.98576728499,593,354956,112363,0.863427518282,0.515007749166,1,L1_fallback_ATM18_DTE15_22,True,REFERENCE SELECTION ONLY — teammate may construct a different option selector.
2025-04-14,PLTR  250502C00090000,2025-05-02,90,18,92.6200027466,88.5500030518,8.2833278956,613,507768,140204.5,0.774976120106,0.604758098577,1,L1_fallback_ATM18_DTE15_22,True,REFERENCE SELECTION ONLY — teammate may construct a different option selector.
2025-04-15,PLTR  250516C00095000,2025-05-16,95,31,98.4000015259,92.6200027466,12.3905518469,2247,2784157,713695,0.969350118347,0.609974651703,0,L0_preferred_ATM35_DTE28_42,True,REFERENCE SELECTION ONLY — teammate may construct a different option selector.
2025-04-16,PLTR  250502C00100000,2025-05-02,100,16,92.7099990845,98.4000015259,2.60672413793,3306,861783,125841,0.732814485472,0.343188615329,1,L1_fallback_ATM18_DTE15_22,True,REFERENCE SELECTION ONLY — teammate may construct a different option selector.
2025-04-17,PLTR  250523C00090000,2025-05-23,90,36,93.7799987793,92.7099990845,12.5337962963,108,135365,152549.5,0.927845366412,0.618719136582,0,L0_preferred_ATM35_DTE28_42,True,REFERENCE SELECTION ONLY — teammate may construct a different option selector.
2025-04-21,PLTR  250509C00094000,2025-05-09,94,18,90.8000030518,93.7799987793,6.87493449782,687,472308,93653,0.671616991682,0.443234704322,1,L1_fallback_ATM18_DTE15_22,True,REFERENCE SELECTION ONLY — teammate may construct a different option selector.
2025-04-22,PLTR  250523C00090000,2025-05-23,90,31,93.9899978638,90.8000030518,12.023125,96,115422,152549.5,1.04820634075,0.620674582934,0,L0_preferred_ATM35_DTE28_42,True,REFERENCE SELECTION ONLY — teammate may construct a different option selector.
2025-04-23,PLTR  250509C00094000,2025-05-09,94,16,100.819999695,93.9899978638,12.987003367,297,385714,110143,1.02804132062,0.670826812211,1,L1_fallback_ATM18_DTE15_22,True,REFERENCE SELECTION ONLY — teammate may construct a different option selector.
2025-04-24,PLTR  250523C00100000,2025-05-23,100,29,107.779998779,100.819999695,14.6371042471,259,379101,183725.5,1.04275927534,0.660573227312,0,L0_preferred_ATM35_DTE28_42,True,REFERENCE SELECTION ONLY — teammate may construct a different option selector.
2025-04-25,PLTR  250523C00110000,2025-05-23,110,28,112.779998779,107.779998779,12.0995107914,695,840916,63972.5,1.03265360595,0.595741729415,0,L0_preferred_ATM35_DTE28_42,True,REFERENCE SELECTION ONLY — teammate may construct a different option selector.
2025-04-28,PLTR  250516C00115000,2025-05-16,115,18,114.650001526,112.779998779,10.3483988388,4478,4634013,123981,1.03265360595,0.544210055304,1,L1_fallback_ATM18_DTE15_22,True,REFERENCE SELECTION ONLY — teammate may construct a different option selector.
2025-04-29,PLTR  250530C00115000,2025-05-30,115,31,116.080001831,114.650001526,12.3738085937,512,633539,50549,1.02528369276,0.576706049146,0,L0_preferred_ATM35_DTE28_42,True,REFERENCE SELECTION ONLY — teammate may construct a different option selector.
2025-04-30,PLTR  250530C00115000,2025-05-30,115,30,118.440002441,116.080001831,13.188853211,654,862551,77390,1.01372577191,0.602358428179,0,L0_preferred_ATM35_DTE28_42,True,REFERENCE SELECTION ONLY — teammate may construct a different option selector.
2025-05-01,PLTR  250530C00115000,2025-05-30,115,29,116.199996948,118.440002441,13.0342900302,331,431435,104231,1.01811829549,0.576176091047,0,L0_preferred_ATM35_DTE28_42,True,REFERENCE SELECTION ONLY — teammate may construct a different option selector.
2025-05-02,PLTR  250530C00115000,2025-05-30,115,28,124.279998779,116.199996948,16.6341736695,357,593840,114491,1.14810746844,0.660525917419,0,L0_preferred_ATM35_DTE28_42,True,REFERENCE SELECTION ONLY — teammate may construct a different option selector.
2025-05-05,,,,,123.769996643,,,,,,0.901746620731,,,,False,REFERENCE SELECTION ONLY — teammate may construct a different option selector.
2025-05-06,,,,,108.86000061,,,,,,0.980613433516,,,,False,REFERENCE SELECTION ONLY — teammate may construct a different option selector.
2025-05-07,PLTR  250523C00110000,2025-05-23,110,16,110.480003357,108.86000061,5.79835495283,1696,983401,191705,0.679678132318,0.546019802414,1,L1_fallback_ATM18_DTE15_22,True,REFERENCE SELECTION ONLY — teammate may construct a different option selector.
2025-05-08,PLTR  250606C00110000,2025-06-06,110,29,119.150001526,110.480003357,13.7983706721,491,677500,191991,0.592068287403,0.720271958643,0,L0_preferred_ATM35_DTE28_42,True,REFERENCE SELECTION ONLY — teammate may construct a different option selector.
2025-05-09,PLTR  250606C00120000,2025-06-06,120,28,117.300003052,119.150001526,6.29842715232,604,380425,190546.5,0.638726428529,0.491754454825,0,L0_preferred_ATM35_DTE28_42,True,REFERENCE SELECTION ONLY — teammate may construct a different option selector.
2025-05-12,PLTR  250620C00120000,2025-06-20,120,39,118.459999084,117.300003052,7.89712933754,5072,4005424,2049810.5,0.556236793491,0.518471077452,0,L0_preferred_ATM35_DTE28_42,True,REFERENCE SELECTION ONLY — teammate may construct a different option selector.
2025-05-13,PLTR  250620C00120000,2025-06-20,120,38,128.100006104,118.459999084,14.7476556671,6970,10279116,2561027,0.53988556396,0.687566146886,0,L0_preferred_ATM35_DTE28_42,True,REFERENCE SELECTION ONLY — teammate may construct a different option selector.
2025-05-14,PLTR  250620C00130000,2025-06-20,130,37,130.179992676,128.100006104,10.1237540366,3716,3761987,1142131,0.663242488224,0.553195068099,0,L0_preferred_ATM35_DTE28_42,True,REFERENCE SELECTION ONLY — teammate may construct a different option selector.
2025-05-15,PLTR  250620C00130000,2025-06-20,130,36,128.119995117,130.179992676,8.56902508733,3149,2698386,1271007.5,0.607966875505,0.516917564609,0,L0_preferred_ATM35_DTE28_42,True,REFERENCE SELECTION ONLY — teammate may construct a different option selector.
2025-05-16,PLTR  250620C00130000,2025-06-20,130,35,129.520004272,128.119995117,8.85289473684,3686,3263177,1434326,0.588220770573,0.537626677412,0,L0_preferred_ATM35_DTE28_42,True,REFERENCE SELECTION ONLY — teammate may construct a different option selector.
2025-05-19,PLTR  250620C00130000,2025-06-20,130,32,126.330001831,129.520004272,7.15062302985,5393,3856331,1941204.5,0.554118702075,0.47271023285,0,L0_preferred_ATM35_DTE28_42,True,REFERENCE SELECTION ONLY — teammate may construct a different option selector.
2025-05-20,PLTR  250620C00130000,2025-06-20,130,31,125.589996338,126.330001831,6.76372836657,6067,4103554,2525182.5,0.593235364379,0.463717919904,0,L0_preferred_ATM35_DTE28_42,True,REFERENCE SELECTION ONLY — teammate may construct a different option selector.
2025-05-21,PLTR  250606C00126000,2025-06-06,126,16,120.580001831,125.589996338,4.21378246753,616,259569,57276.5,0.610732762545,0.395699376018,1,L1_fallback_ATM18_DTE15_22,True,REFERENCE SELECTION ONLY — teammate may construct a different option selector.
2025-05-22,PLTR  250620C00120000,2025-06-20,120,29,122.290000916,120.580001831,10.3584732824,786,814176,3022406,0.619117069222,0.585531824175,0,L0_preferred_ATM35_DTE28_42,True,REFERENCE SELECTION ONLY — teammate may construct a different option selector.
2025-05-23,PLTR  250620C00120000,2025-06-20,120,28,123.309997559,122.290000916,10.2025771897,1587,1619149,2563778,0.696581900522,0.600789579516,0,L0_preferred_ATM35_DTE28_42,True,REFERENCE SELECTION ONLY — teammate may construct a different option selector.
2025-05-27,PLTR  250627C00126000,2025-06-27,126,31,123.38999939,123.309997559,7.43935294118,170,126469,63108,0.59877156562,0.495691079921,0,L0_preferred_ATM35_DTE28_42,True,REFERENCE SELECTION ONLY — teammate may construct a different option selector.
2025-05-28,PLTR  250627C00126000,2025-06-27,126,30,123.760002136,123.38999939,7.93612121212,165,130946,80366.5,0.590352863443,0.500196921392,0,L0_preferred_ATM35_DTE28_42,True,REFERENCE SELECTION ONLY — teammate may construct a different option selector.
2025-05-29,PLTR  250627C00126000,2025-06-27,126,29,122.319999695,123.760002136,6.29588868941,557,350681,97625,0.645084271712,0.479090312724,0,L0_preferred_ATM35_DTE28_42,True,REFERENCE SELECTION ONLY — teammate may construct a different option selector.
2025-05-30,PLTR  250620C00120000,2025-06-20,120,21,131.779998779,122.319999695,14.6653871364,2441,3579821,1395099.5,0.584580578274,0.775295384183,1,L1_fallback_ATM18_DTE15_22,True,REFERENCE SELECTION ONLY — teammate may construct a different option selector.
2025-06-02,PLTR  250620C00130000,2025-06-20,130,18,132.039993286,131.779998779,7.89328977502,7423,5859189,2980781.5,0.521095065553,0.583786511054,1,L1_fallback_ATM18_DTE15_22,True,REFERENCE SELECTION ONLY — teammate may construct a different option selector.
2025-06-03,PLTR  250620C00132000,2025-06-20,132,17,133.169998169,132.039993286,7.67813221406,953,731726,190571,0.572566710402,0.559680905219,1,L1_fallback_ATM18_DTE15_22,True,REFERENCE SELECTION ONLY — teammate may construct a different option selector.
2025-06-04,PLTR  250620C00133000,2025-06-20,133,16,130.009994507,133.169998169,4.73356643357,1001,473830,72484,0.571929471531,0.45480121188,1,L1_fallback_ATM18_DTE15_22,True,REFERENCE SELECTION ONLY — teammate may construct a different option selector.
2025-06-05,PLTR  250620C00130000,2025-06-20,130,15,119.910003662,130.009994507,2.62500646711,10824,2841307,3722536,0.550327647227,0.257254514766,1,L1_fallback_ATM18_DTE15_22,True,REFERENCE SELECTION ONLY — teammate may construct a different option selector.
2025-06-06,,,,,127.720001221,,,,,,0.65554056696,,,,False,REFERENCE SELECTION ONLY — teammate may construct a different option selector.
2025-06-09,PLTR  250718C00130000,2025-07-18,130,39,132.059997559,127.720001221,10.7848034632,5775,6228224,1288315,0.523060841939,0.581434160452,0,L0_preferred_ATM35_DTE28_42,True,REFERENCE SELECTION ONLY — teammate may construct a different option selector.
2025-06-10,PLTR  250718C00130000,2025-07-18,130,38,132.809997559,132.059997559,11.1742221111,1999,2233727,1591602.5,0.538665007668,0.593632001553,0,L0_preferred_ATM35_DTE28_42,True,REFERENCE SELECTION ONLY — teammate may construct a different option selector.
2025-06-11,PLTR  250718C00135000,2025-07-18,135,37,136.38999939,132.809997559,10.6990081984,5001,5350574,892946.5,0.524316213935,0.56834273124,0,L0_preferred_ATM35_DTE28_42,True,REFERENCE SELECTION ONLY — teammate may construct a different option selector.
2025-06-12,PLTR  250718C00135000,2025-07-18,135,36,135.190002441,136.38999939,9.59477581522,1472,1412351,892946.5,0.554917062527,0.54802576283,0,L0_preferred_ATM35_DTE28_42,True,REFERENCE SELECTION ONLY — teammate may construct a different option selector.
2025-06-13,PLTR  250718C00135000,2025-07-18,135,35,137.399993896,135.190002441,11.2495347222,2880,3239866,892946.5,0.513042044166,0.586096208092,0,L0_preferred_ATM35_DTE28_42,True,REFERENCE SELECTION ONLY — teammate may construct a different option selector.
2025-06-16,PLTR  250718C00135000,2025-07-18,135,32,141.410003662,137.399993896,13.2744541139,2528,3355782,1159642.5,0.574561521226,0.64837178983,0,L0_preferred_ATM35_DTE28_42,True,REFERENCE SELECTION ONLY — teammate may construct a different option selector.
2025-06-17,PLTR  250718C00140000,2025-07-18,140,31,138.199996948,141.410003662,8.39534496276,5102,4283305,1215188,0.558170127014,0.510083006833,0,L0_preferred_ATM35_DTE28_42,True,REFERENCE SELECTION ONLY — teammate may construct a different option selector.
2025-06-18,PLTR  250718C00140000,2025-07-18,140,30,139.960006714,138.199996948,8.24131705364,4996,4117362,1499494.5,0.564274426398,0.540615028532,0,L0_preferred_ATM35_DTE28_42,True,REFERENCE SELECTION ONLY — teammate may construct a different option selector.
2025-06-20,PLTR  250725C00140000,2025-07-25,140,35,137.300003052,139.960006714,8.2435862069,290,239064,179440,0.48531958216,0.489737914612,0,L0_preferred_ATM35_DTE28_42,True,REFERENCE SELECTION ONLY — teammate may construct a different option selector.
2025-06-23,PLTR  250725C00138000,2025-07-25,138,32,139.919998169,137.300003052,9.60021126761,142,136323,124859,0.509367584727,0.576591656022,0,L0_preferred_ATM35_DTE28_42,True,REFERENCE SELECTION ONLY — teammate may construct a different option selector.
2025-06-24,PLTR  250725C00140000,2025-07-25,140,31,143.229995728,139.919998169,9.98241466498,791,789609,230025,0.475782825451,0.60310542243,0,L0_preferred_ATM35_DTE28_42,True,REFERENCE SELECTION ONLY — teammate may construct a different option selector.
2025-06-25,PLTR  250725C00142000,2025-07-25,142,30,142.899993896,143.229995728,8.66092165899,217,187942,143199.5,0.457084146812,0.556443885589,0,L0_preferred_ATM35_DTE28_42,True,REFERENCE SELECTION ONLY — teammate may construct a different option selector.
2025-06-26,PLTR  250725C00143000,2025-07-25,143,29,144.25,142.899993896,8.95044520548,292,261353,51916,0.452570455814,0.563573552217,0,L0_preferred_ATM35_DTE28_42,True,REFERENCE SELECTION ONLY — teammate may construct a different option selector.
2025-06-27,PLTR  250801C00145000,2025-08-01,145,35,130.740005493,144.25,5.30001745201,573,303691,196532,0.453703419938,0.262425142582,0,L0_preferred_ATM35_DTE28_42,True,REFERENCE SELECTION ONLY — teammate may construct a different option selector.
2025-06-30,PLTR  250801C00130000,2025-08-01,130,32,136.320007324,130.740005493,12.6765517241,174,220572,54065,0.565635172596,0.652003825886,0,L0_preferred_ATM35_DTE28_42,True,REFERENCE SELECTION ONLY — teammate may construct a different option selector.
2025-07-01,PLTR  250801C00137000,2025-08-01,137,31,130.679992676,136.320007324,5.79,201,116379,73683.5,0.51413132952,0.414966158634,0,L0_preferred_ATM35_DTE28_42,True,REFERENCE SELECTION ONLY — teammate may construct a different option selector.
2025-07-02,PLTR  250801C00130000,2025-08-01,130,30,132.119995117,130.679992676,9.59901060071,566,543304,71065,0.528138125891,0.581982765528,0,L0_preferred_ATM35_DTE28_42,True,REFERENCE SELECTION ONLY — teammate may construct a different option selector.
2025-07-03,PLTR  250801C00134000,2025-08-01,134,29,134.36000061,132.119995117,8.19825396825,252,206596,63884.5,0.500441354105,0.545736390191,0,L0_preferred_ATM35_DTE28_42,True,REFERENCE SELECTION ONLY — teammate may construct a different option selector.
2025-07-07,PLTR  250725C00135000,2025-07-25,135,18,139.119995117,134.36000061,8.55739265713,1607,1375173,109987,0.465827814989,0.641989179096,1,L1_fallback_ATM18_DTE15_22,True,REFERENCE SELECTION ONLY — teammate may construct a different option selector.
2025-07-08,PLTR  250815C00140000,2025-08-15,140,38,139.710006714,139.119995117,12.46394453,1298,1617820,1576234.5,0.512151183441,0.539203802418,0,L0_preferred_ATM35_DTE28_42,True,REFERENCE SELECTION ONLY — teammate may construct a different option selector.
2025-07-09,PLTR  250815C00140000,2025-08-15,140,37,143.130004883,139.710006714,14.0918901602,2185,3079078,1629305,0.502607089456,0.597426289003,0,L0_preferred_ATM35_DTE28_42,True,REFERENCE SELECTION ONLY — teammate may construct a different option selector.
2025-07-10,PLTR  250815C00140000,2025-08-15,140,36,142.5,143.130004883,13.3536095101,1388,1853481,1656848.5,0.471836200795,0.588422062976,0,L0_preferred_ATM35_DTE28_42,True,REFERENCE SELECTION ONLY — teammate may construct a different option selector.
2025-07-11,PLTR  250815C00140000,2025-08-15,140,35,142.100006104,142.5,13.095316092,1044,1367151,1763194,0.461666249908,0.581530014986,0,L0_preferred_ATM35_DTE28_42,True,REFERENCE SELECTION ONLY — teammate may construct a different option selector.
2025-07-14,PLTR  250815C00140000,2025-08-15,140,32,149.149993896,142.100006104,17.1392135922,2060,3530678,1656848.5,0.485777840033,0.705229780579,0,L0_preferred_ATM35_DTE28_42,True,REFERENCE SELECTION ONLY — teammate may construct a different option selector.
2025-07-15,PLTR  250815C00150000,2025-08-15,150,31,148.580001831,149.149993896,11.2512573674,2036,2290756,1554606,0.500263658085,0.513509143926,0,L0_preferred_ATM35_DTE28_42,True,REFERENCE SELECTION ONLY — teammate may construct a different option selector.
2025-07-16,PLTR  250815C00150000,2025-08-15,150,30,150.910003662,148.580001831,12.4428901584,3851,4791757,1647214.5,0.488954020218,0.5555206614,0,L0_preferred_ATM35_DTE28_42,True,REFERENCE SELECTION ONLY — teammate may construct a different option selector.
2025-07-17,PLTR  250815C00150000,2025-08-15,150,29,153.990005493,150.910003662,14.2609934154,3493,4981365,1647214.5,0.481466243256,0.613190010645,0,L0_preferred_ATM35_DTE28_42,True,REFERENCE SELECTION ONLY — teammate may construct a different option selector.
2025-07-18,PLTR  250815C00155000,2025-08-15,155,28,153.520004272,153.990005493,10.9091598746,3190,3480022,570695,0.481115852442,0.508191194556,0,L0_preferred_ATM35_DTE28_42,True,REFERENCE SELECTION ONLY — teammate may construct a different option selector.
2025-07-21,PLTR  250808C00155000,2025-08-08,155,18,151.789993286,153.520004272,8.96639065817,1413,1266951,68109.5,0.718786456102,0.485086127057,1,L1_fallback_ATM18_DTE15_22,True,REFERENCE SELECTION ONLY — teammate may construct a different option selector.
2025-07-22,PLTR  250822C00150000,2025-08-22,150,31,149.070007324,151.789993286,10.9918683652,471,517717,300372.5,0.765282381971,0.540131121343,0,L0_preferred_ATM35_DTE28_42,True,REFERENCE SELECTION ONLY — teammate may construct a different option selector.
2025-07-23,PLTR  250822C00150000,2025-08-22,150,30,154.630004883,149.070007324,13.4386445783,332,446163,301344,0.758059607376,0.604712007083,0,L0_preferred_ATM35_DTE28_42,True,REFERENCE SELECTION ONLY — teammate may construct a different option selector.
2025-07-24,PLTR  250829C00155000,2025-08-29,155,36,154.86000061,154.630004883,12.1897524752,202,246233,153961.5,0.752855028315,0.552969996092,0,L0_preferred_ATM35_DTE28_42,True,REFERENCE SELECTION ONLY — teammate may construct a different option selector.
2025-07-25,PLTR  250829C00155000,2025-08-29,155,35,158.800003052,154.86000061,14.45592,625,903495,163067,0.781717411359,0.594414736195,0,L0_preferred_ATM35_DTE28_42,True,REFERENCE SELECTION ONLY — teammate may construct a different option selector.
2025-07-28,PLTR  250829C00160000,2025-08-29,160,32,157.880004883,158.800003052,10.3353432282,539,557075,89636,0.709853121269,0.524081521544,0,L0_preferred_ATM35_DTE28_42,True,REFERENCE SELECTION ONLY — teammate may construct a different option selector.
2025-07-29,PLTR  250829C00160000,2025-08-29,160,31,156.240005493,157.880004883,10.5087286064,409,429807,90838,0.729127203452,0.50491385177,0,L0_preferred_ATM35_DTE28_42,True,REFERENCE SELECTION ONLY — teammate may construct a different option selector.
2025-07-30,PLTR  250829C00155000,2025-08-29,155,30,158.61000061,156.240005493,13.5844086022,93,126335,186930,0.774738516371,0.591484051592,0,L0_preferred_ATM35_DTE28_42,True,REFERENCE SELECTION ONLY — teammate may construct a different option selector.
2025-07-31,PLTR  250829C00157500,2025-08-29,157.5,29,158.350006104,158.61000061,12.5890421456,261,328574,59429,0.756916214524,0.559089853731,0,L0_preferred_ATM35_DTE28_42,True,REFERENCE SELECTION ONLY — teammate may construct a different option selector.
2025-08-01,PLTR  250829C00157500,2025-08-29,157.5,28,154.270004272,158.350006104,11.5259296482,199,229366,63163.5,0.799017522578,0.513010641518,0,L0_preferred_ATM35_DTE28_42,True,REFERENCE SELECTION ONLY — teammate may construct a different option selector.
2025-08-04,PLTR  250822C00155000,2025-08-22,155,18,160.660003662,154.270004272,14.2026642984,563,799610,166137,0.776419012467,0.620613390521,1,L1_fallback_ATM18_DTE15_22,True,REFERENCE SELECTION ONLY — teammate may construct a different option selector.
2025-08-05,PLTR  250822C00160000,2025-08-22,160,17,173.270004272,160.660003662,15.9162993921,1316,2094585,209035.5,0.795747441602,0.712952723354,1,L1_fallback_ATM18_DTE15_22,True,REFERENCE SELECTION ONLY — teammate may construct a different option selector.
2025-08-06,PLTR  250822C00175000,2025-08-22,175,16,179.539993286,173.270004272,9.09626696833,1768,1608220,50109.5,0.484512111475,0.626518247527,1,L1_fallback_ATM18_DTE15_22,True,REFERENCE SELECTION ONLY — teammate may construct a different option selector.
2025-08-07,PLTR  250905C00180000,2025-09-05,180,29,182.199996948,179.539993286,10.7412325286,787,845335,62332,0.448289949778,0.574410202856,0,L0_preferred_ATM35_DTE28_42,True,REFERENCE SELECTION ONLY — teammate may construct a different option selector.
2025-08-08,PLTR  250905C00180000,2025-09-05,180,28,186.960006714,182.199996948,13.9758303249,554,774261,90578,0.478789105547,0.647441581912,0,L0_preferred_ATM35_DTE28_42,True,REFERENCE SELECTION ONLY — teammate may construct a different option selector.
2025-08-11,PLTR  250919C00185000,2025-09-19,185,39,182.679992676,186.960006714,10.4906838264,2603,2730725,215800,0.463087600208,0.509606128522,0,L0_preferred_ATM35_DTE28_42,True,REFERENCE SELECTION ONLY — teammate may construct a different option selector.
2025-08-12,PLTR  250919C00185000,2025-09-19,185,38,186.970001221,182.679992676,12.4149403748,2348,2915028,224412,0.493651910446,0.569678019865,0,L0_preferred_ATM35_DTE28_42,True,REFERENCE SELECTION ONLY — teammate may construct a different option selector.
2025-08-13,PLTR  250919C00185000,2025-09-19,185,37,184.369995117,186.970001221,11.1124686192,1912,2124704,254275,0.456277518767,0.532102143049,0,L0_preferred_ATM35_DTE28_42,True,REFERENCE SELECTION ONLY — teammate may construct a different option selector.
2025-08-14,PLTR  250919C00185000,2025-09-19,185,36,181.020004272,184.369995117,9.12410048622,1234,1125914,503868.5,0.469502288124,0.482583251066,0,L0_preferred_ATM35_DTE28_42,True,REFERENCE SELECTION ONLY — teammate may construct a different option selector.
2025-08-15,PLTR  250919C00180000,2025-09-19,180,35,177.169998169,181.020004272,9.06819461444,4902,4445229,351161.5,0.472792439452,0.497779896666,0,L0_preferred_ATM35_DTE28_42,True,REFERENCE SELECTION ONLY — teammate may construct a different option selector.
2025-08-18,PLTR  250919C00175000,2025-09-19,175,32,174.029998779,177.169998169,9.35540478905,2631,2461407,1796029.5,0.444980032007,0.521386954412,0,L0_preferred_ATM35_DTE28_42,True,REFERENCE SELECTION ONLY — teammate may construct a different option selector.
2025-08-19,PLTR  250919C00175000,2025-09-19,175,31,157.75,174.029998779,3.95641405292,11414,4515851,2176031,0.448164713764,0.241970450148,0,L0_preferred_ATM35_DTE28_42,True,REFERENCE SELECTION ONLY — teammate may construct a different option selector.
2025-08-20,PLTR  250919C00155000,2025-09-19,155,30,156.009994507,157.75,10.5525354936,5987,6317803,948816.5,0.576324464248,0.557371346551,0,L0_preferred_ATM35_DTE28_42,True,REFERENCE SELECTION ONLY — teammate may construct a different option selector.
2025-08-21,PLTR  250919C00155000,2025-09-19,155,29,156.179992676,156.009994507,10.5393870968,2480,2613768,948816.5,0.560926049042,0.559473602415,0,L0_preferred_ATM35_DTE28_42,True,REFERENCE SELECTION ONLY — teammate may construct a different option selector.
2025-08-22,PLTR  250919C00155000,2025-09-19,155,28,158.740005493,156.179992676,10.9219160685,1811,1977959,1054124.5,0.55961949255,0.600096049686,0,L0_preferred_ATM35_DTE28_42,True,REFERENCE SELECTION ONLY — teammate may construct a different option selector.
2025-08-25,PLTR  250926C00160000,2025-09-26,160,32,157.169998169,158.740005493,8.80553156146,602,530093,108461.5,0.511854469699,0.493640935266,0,L0_preferred_ATM35_DTE28_42,True,REFERENCE SELECTION ONLY — teammate may construct a different option selector.
2025-08-26,PLTR  250926C00160000,2025-09-26,160,31,160.869995117,157.169998169,10.5872604284,887,939090,116575,0.547077692072,0.554761775134,0,L0_preferred_ATM35_DTE28_42,True,REFERENCE SELECTION ONLY — teammate may construct a different option selector.
2025-08-27,PLTR  250926C00160000,2025-09-26,160,30,156.720001221,160.869995117,8.04353559871,1236,994181,169701,0.538508038016,0.486831485203,0,L0_preferred_ATM35_DTE28_42,True,REFERENCE SELECTION ONLY — teammate may construct a different option selector.
2025-08-28,PLTR  250926C00157500,2025-09-26,157.5,29,158.119995117,156.720001221,9.11681102362,508,463134,151535,0.519000378949,0.549517055162,0,L0_preferred_ATM35_DTE28_42,True,REFERENCE SELECTION ONLY — teammate may construct a different option selector.
2025-08-29,PLTR  250926C00157500,2025-09-26,157.5,28,156.710006714,158.119995117,8.33714666667,375,312643,238058,0.465765425986,0.520847864888,0,L0_preferred_ATM35_DTE28_42,True,REFERENCE SELECTION ONLY — teammate may construct a different option selector.
2025-09-02,PLTR  250919C00157500,2025-09-19,157.5,17,157.089996338,156.710006714,7.03524408284,1352,951165,767072.5,0.480450497113,0.518710865582,1,L1_fallback_ATM18_DTE15_22,True,REFERENCE SELECTION ONLY — teammate may construct a different option selector.
2025-09-03,PLTR  250919C00157500,2025-09-19,157.5,16,154.899993896,157.089996338,5.41850735294,1360,736917,812218,0.523272516503,0.468455646277,1,L1_fallback_ATM18_DTE15_22,True,REFERENCE SELECTION ONLY — teammate may construct a different option selector.
2025-09-04,PLTR  250919C00155000,2025-09-19,155,15,156.13999939,154.899993896,6.75034230544,3418,2307267,812671,0.500658602049,0.556131547838,1,L1_fallback_ATM18_DTE15_22,True,REFERENCE SELECTION ONLY — teammate may construct a different option selector.
2025-09-05,PLTR  251003C00155000,2025-10-03,155,28,153.11000061,156.13999939,7.7178961039,1540,1188556,165253,0.478331995952,0.499878065291,0,L0_preferred_ATM35_DTE28_42,True,REFERENCE SELECTION ONLY — teammate may construct a different option selector.
2025-09-08,PLTR  251017C00155000,2025-10-17,155,39,156.100006104,153.11000061,11.0885704324,1434,1590101,1799419,0.511396847853,0.56145128861,0,L0_preferred_ATM35_DTE28_42,True,REFERENCE SELECTION ONLY — teammate may construct a different option selector.
2025-09-09,PLTR  251017C00155000,2025-10-17,155,38,162.36000061,156.100006104,14.178879892,1482,2101310,1849128.5,0.513931568228,0.65207295236,0,L0_preferred_ATM35_DTE28_42,True,REFERENCE SELECTION ONLY — teammate may construct a different option selector.
2025-09-10,PLTR  251017C00165000,2025-10-17,165,37,166.740005493,162.36000061,11.5397997775,3596,4149712,678544.5,0.476195599878,0.569493518304,0,L0_preferred_ATM35_DTE28_42,True,REFERENCE SELECTION ONLY — teammate may construct a different option selector.
2025-09-11,PLTR  251017C00165000,2025-10-17,165,36,164.36000061,166.740005493,10.0338981391,1021,1024461,718105,0.468992015576,0.530844318732,0,L0_preferred_ATM35_DTE28_42,True,REFERENCE SELECTION ONLY — teammate may construct a different option selector.
2025-09-12,PLTR  251017C00165000,2025-10-17,165,35,171.429992676,164.36000061,13.9160446985,1924,2677447,789370,0.467051340159,0.642996388794,0,L0_preferred_ATM35_DTE28_42,True,REFERENCE SELECTION ONLY — teammate may construct a different option selector.
2025-09-15,PLTR  251017C00170000,2025-10-17,170,32,171.210006714,171.429992676,10.8811808562,4158,4524395,1184870,0.470268824675,0.559180047075,0,L0_preferred_ATM35_DTE28_42,True,REFERENCE SELECTION ONLY — teammate may construct a different option selector.
2025-09-16,PLTR  251017C00170000,2025-10-17,170,31,170.259994507,171.210006714,10.2346390279,1399,1431826,1273751,0.4888513462,0.543314173261,0,L0_preferred_ATM35_DTE28_42,True,REFERENCE SELECTION ONLY — teammate may construct a different option selector.
2025-09-17,PLTR  251017C00170000,2025-10-17,170,30,168.330001831,170.259994507,9.01292547569,3784,3410491,1273751,0.505028589513,0.511868956589,0,L0_preferred_ATM35_DTE28_42,True,REFERENCE SELECTION ONLY — teammate may construct a different option selector.
2025-09-18,PLTR  251024C00170000,2025-10-24,170,36,176.970001221,168.330001831,15.1930590717,474,720151,186889,0.509006845177,0.640223176667,0,L0_preferred_ATM35_DTE28_42,True,REFERENCE SELECTION ONLY — teammate may construct a different option selector.
2025-09-19,PLTR  251024C00175000,2025-10-24,175,35,182.38999939,176.970001221,15.8929186603,418,664324,93267,0.497525826246,0.645614573776,0,L0_preferred_ATM35_DTE28_42,True,REFERENCE SELECTION ONLY — teammate may construct a different option selector.
2025-09-22,PLTR  251024C00180000,2025-10-24,180,32,179.330001831,182.38999939,10.5997113402,485,514086,108555.5,0.496077383748,0.529858216111,0,L0_preferred_ATM35_DTE28_42,True,REFERENCE SELECTION ONLY — teammate may construct a different option selector.
2025-09-23,PLTR  251024C00180000,2025-10-24,180,31,182.550003052,179.330001831,12.552125,480,602502,112496,0.491725682892,0.577885099407,0,L0_preferred_ATM35_DTE28_42,True,REFERENCE SELECTION ONLY — teammate may construct a different option selector.
2025-09-24,PLTR  251024C00185000,2025-10-24,185,30,179.559997559,182.550003052,8.09135646688,317,256496,116617.5,0.522635242973,0.46033360125,0,L0_preferred_ATM35_DTE28_42,True,REFERENCE SELECTION ONLY — teammate may construct a different option selector.
2025-09-25,PLTR  251031C00180000,2025-10-31,180,36,179.119995117,179.559997559,12.3170868347,1428,1758880,444057.5,0.503914043953,0.530372161862,0,L0_preferred_ATM35_DTE28_42,True,REFERENCE SELECTION ONLY — teammate may construct a different option selector.
2025-09-26,PLTR  251031C00180000,2025-10-31,180,35,177.570007324,179.119995117,10.2429606299,635,650428,572973,0.553781573653,0.512622569215,0,L0_preferred_ATM35_DTE28_42,True,REFERENCE SELECTION ONLY — teammate may construct a different option selector.
2025-09-29,PLTR  251031C00177500,2025-10-31,177.5,32,178.86000061,177.570007324,11.2844997871,2349,2650729,195285.5,0.486214712843,0.560566112848,0,L0_preferred_ATM35_DTE28_42,True,REFERENCE SELECTION ONLY — teammate may construct a different option selector.
2025-09-30,PLTR  251031C00180000,2025-10-31,180,31,182.419998169,178.86000061,12.1629101562,1024,1245482,650428,0.484478323996,0.576227441577,0,L0_preferred_ATM35_DTE28_42,True,REFERENCE SELECTION ONLY — teammate may construct a different option selector.
2025-10-01,PLTR  251031C00182500,2025-10-31,182.5,30,184.949996948,182.419998169,12.3110932476,311,382875,197765.5,0.494746965161,0.575742268506,0,L0_preferred_ATM35_DTE28_42,True,REFERENCE SELECTION ONLY — teammate may construct a different option selector.
2025-10-02,PLTR  251031C00185000,2025-10-31,185,29,187.050003052,184.949996948,11.9462918455,1165,1391743,342271,0.504362043017,0.568968327135,0,L0_preferred_ATM35_DTE28_42,True,REFERENCE SELECTION ONLY — teammate may construct a different option selector.
2025-10-03,PLTR  251031C00187500,2025-10-31,187.5,28,173.070007324,187.050003052,5.29803641092,769,407419,60641,0.488452221227,0.308964193083,0,L0_preferred_ATM35_DTE28_42,True,REFERENCE SELECTION ONLY — teammate may construct a different option selector.
2025-10-06,PLTR  251024C00175000,2025-10-24,175,18,179.529998779,173.070007324,11.1265811966,351,390543,192910,0.564774883271,0.6118601996,1,L1_fallback_ATM18_DTE15_22,True,REFERENCE SELECTION ONLY — teammate may construct a different option selector.
2025-10-07,PLTR  251024C00180000,2025-10-24,180,17,182.169998169,179.529998779,10.4204411765,1224,1275462,526863.5,0.513924390579,0.572364727209,1,L1_fallback_ATM18_DTE15_22,True,REFERENCE SELECTION ONLY — teammate may construct a different option selector.
2025-10-08,PLTR  251024C00182500,2025-10-24,182.5,16,183.559997559,182.169998169,8.46601314348,913,772947,247559,0.563165636343,0.549659807444,1,L1_fallback_ATM18_DTE15_22,True,REFERENCE SELECTION ONLY — teammate may construct a different option selector.
2025-10-09,PLTR  251107C00182500,2025-11-07,182.5,29,185.470001221,183.559997559,16.3766286307,964,1578707,166164,0.506726462039,0.582958714745,0,L0_preferred_ATM35_DTE28_42,True,REFERENCE SELECTION ONLY — teammate may construct a different option selector.
2025-10-10,PLTR  251107C00185000,2025-11-07,185,28,175.440002441,185.470001221,10.98512,625,686570,542989,0.533945993009,0.396856261401,0,L0_preferred_ATM35_DTE28_42,True,REFERENCE SELECTION ONLY — teammate may construct a different option selector.
2025-10-13,PLTR  251121C00175000,2025-11-21,175,39,177.210006714,175.440002441,17.2240672154,1458,2511269,1017647.5,0.621099199523,0.574172837485,0,L0_preferred_ATM35_DTE28_42,True,REFERENCE SELECTION ONLY — teammate may construct a different option selector.
2025-10-14,PLTR  251121C00175000,2025-11-21,175,38,179.740005493,177.210006714,18.9587140903,731,1385882,1093239.5,0.566464454489,0.603817131073,0,L0_preferred_ATM35_DTE28_42,True,REFERENCE SELECTION ONLY — teammate may construct a different option selector.
2025-10-15,PLTR  251121C00180000,2025-11-21,180,37,179.619995117,179.740005493,15.3977732794,1482,2281950,3070061.5,0.557012427079,0.540811248214,0,L0_preferred_ATM35_DTE28_42,True,REFERENCE SELECTION ONLY — teammate may construct a different option selector.
2025-10-16,PLTR  251121C00180000,2025-11-21,180,36,178.119995117,179.619995117,15.5350803702,2053,3189352,3070061.5,0.55714266499,0.521072968751,0,L0_preferred_ATM35_DTE28_42,True,REFERENCE SELECTION ONLY — teammate may construct a different option selector.
2025-10-17,PLTR  251121C00180000,2025-11-21,180,35,178.149993896,178.119995117,15.0059638742,3211,4818415,3070061.5,0.60827529343,0.524814660842,0,L0_preferred_ATM35_DTE28_42,True,REFERENCE SELECTION ONLY — teammate may construct a different option selector.
2025-10-20,PLTR  251121C00180000,2025-11-21,180,32,181.589996338,178.149993896,16.0044816587,1254,2006962,3070061.5,0.793720011845,0.56816948437,0,L0_preferred_ATM35_DTE28_42,True,REFERENCE SELECTION ONLY — teammate may construct a different option selector.
2025-10-21,PLTR  251121C00180000,2025-11-21,180,31,181.509994507,181.589996338,15.2934136546,1494,2284836,2888444,0.776242103353,0.56628855569,0,L0_preferred_ATM35_DTE28_42,True,REFERENCE SELECTION ONLY — teammate may construct a different option selector.
2025-10-22,PLTR  251121C00180000,2025-11-21,180,30,175.490005493,181.509994507,12.3345144448,2873,3543706,2657544.5,0.768570470932,0.504705958437,0,L0_preferred_ATM35_DTE28_42,True,REFERENCE SELECTION ONLY — teammate may construct a different option selector.
2025-10-23,PLTR  251128C00175000,2025-11-28,175,36,180.479995728,175.490005493,17.510754717,159,278421,187905.5,0.831671153995,0.604741649068,0,L0_preferred_ATM35_DTE28_42,True,REFERENCE SELECTION ONLY — teammate may construct a different option selector.
2025-10-24,PLTR  251128C00180000,2025-11-28,180,35,184.630004883,180.479995728,17.162173913,138,236838,281899,0.799877333551,0.596307793479,0,L0_preferred_ATM35_DTE28_42,True,REFERENCE SELECTION ONLY — teammate may construct a different option selector.
2025-10-27,PLTR  251128C00185000,2025-11-28,185,32,189.179992676,184.630004883,17.1159015091,3777,6464676,276088,0.69988037192,0.591136949273,0,L0_preferred_ATM35_DTE28_42,True,REFERENCE SELECTION ONLY — teammate may construct a different option selector.
2025-10-28,PLTR  251128C00190000,2025-11-28,190,31,189.600006104,189.179992676,14.5780847458,590,860107,71579,0.750128808056,0.546628471062,0,L0_preferred_ATM35_DTE28_42,True,REFERENCE SELECTION ONLY — teammate may construct a different option selector.
2025-10-29,PLTR  251128C00190000,2025-11-28,190,30,198.809997559,189.600006104,19.7498043053,511,1009215,75782,0.760406409692,0.630765114487,0,L0_preferred_ATM35_DTE28_42,True,REFERENCE SELECTION ONLY — teammate may construct a different option selector.
2025-10-30,PLTR  251128C00200000,2025-11-28,200,29,194.550003052,198.809997559,12.642295082,549,694062,167607,0.77228099959,0.49934117066,0,L0_preferred_ATM35_DTE28_42,True,REFERENCE SELECTION ONLY — teammate may construct a different option selector.
2025-10-31,PLTR  251128C00195000,2025-11-28,195,28,200.470001221,194.550003052,17.99425,160,287908,65112.5,0.807627264907,0.599074924627,0,L0_preferred_ATM35_DTE28_42,True,REFERENCE SELECTION ONLY — teammate may construct a different option selector.
2025-11-03,PLTR  251121C00200000,2025-11-21,200,18,207.179992676,200.470001221,17.9693780542,4502,8089814,1713751.5,0.734871643716,0.622222486251,1,L1_fallback_ATM18_DTE15_22,True,REFERENCE SELECTION ONLY — teammate may construct a different option selector.
2025-11-04,PLTR  251121C00210000,2025-11-21,210,17,190.740005493,207.179992676,3.21343854677,7762,2494271,624282.5,0.734871643716,0.30361201261,1,L1_fallback_ATM18_DTE15_22,True,REFERENCE SELECTION ONLY — teammate may construct a different option selector.
2025-11-05,PLTR  251121C00190000,2025-11-21,190,16,187.899993896,190.740005493,7.82883180525,6326,4952519,2569975.5,0.563964815931,0.492667037422,1,L1_fallback_ATM18_DTE15_22,True,REFERENCE SELECTION ONLY — teammate may construct a different option selector.
2025-11-06,PLTR  251205C00190000,2025-12-05,190,29,175.050003052,187.899993896,6.02294019471,3595,2165247,689464,0.55325273676,0.335558489013,0,L0_preferred_ATM35_DTE28_42,True,REFERENCE SELECTION ONLY — teammate may construct a different option selector.
2025-11-07,PLTR  251205C00175000,2025-12-05,175,28,177.929992676,175.050003052,12.2068435374,1470,1794406,69831,0.59992277315,0.580738985119,0,L0_preferred_ATM35_DTE28_42,True,REFERENCE SELECTION ONLY — teammate may construct a different option selector.
2025-11-10,PLTR  251219C00180000,2025-12-19,180,39,193.61000061,177.929992676,21.8479094077,861,1881105,2076962,0.59992277315,0.689438586354,0,L0_preferred_ATM35_DTE28_42,True,REFERENCE SELECTION ONLY — teammate may construct a different option selector.
2025-11-11,PLTR  251219C00195000,2025-12-19,195,38,190.960006714,193.61000061,12.0749657869,1023,1235269,1260605,0.521706718283,0.495064845219,0,L0_preferred_ATM35_DTE28_42,True,REFERENCE SELECTION ONLY — teammate may construct a different option selector.
2025-11-12,PLTR  251219C00195000,2025-12-19,195,37,184.169998169,190.960006714,8.08332826748,1316,1063766,1263874,0.522519080972,0.407932509439,0,L0_preferred_ATM35_DTE28_42,True,REFERENCE SELECTION ONLY — teammate may construct a different option selector.
2025-11-13,PLTR  251219C00185000,2025-12-19,185,36,172.13999939,184.169998169,7.56211523882,1319,997443,1472934,0.511597533763,0.366753840585,0,L0_preferred_ATM35_DTE28_42,True,REFERENCE SELECTION ONLY — teammate may construct a different option selector.
2025-11-14,PLTR  251219C00170000,2025-12-19,170,35,174.009994507,172.13999939,15.002233677,582,873130,1065680,0.58329696598,0.596104954856,0,L0_preferred_ATM35_DTE28_42,True,REFERENCE SELECTION ONLY — teammate may construct a different option selector.
2025-11-17,PLTR  251219C00175000,2025-12-19,175,32,171.25,174.009994507,9.50350797267,878,834408,844335.5,0.567179383098,0.491413813438,0,L0_preferred_ATM35_DTE28_42,True,REFERENCE SELECTION ONLY — teammate may construct a different option selector.
2025-11-18,PLTR  251219C00170000,2025-12-19,170,31,167.330001831,171.25,11.1313451777,788,877150,1084341,0.53902264693,0.500837139499,0,L0_preferred_ATM35_DTE28_42,True,REFERENCE SELECTION ONLY — teammate may construct a different option selector.
2025-11-19,PLTR  251219C00165000,2025-12-19,165,30,165.419998169,167.330001831,11.5991017415,1091,1265462,449385.5,0.682518087308,0.551610112258,0,L0_preferred_ATM35_DTE28_42,True,REFERENCE SELECTION ONLY — teammate may construct a different option selector.
2025-11-20,PLTR  251219C00165000,2025-12-19,165,29,155.744995117,165.419998169,7.36840751043,1438,1059577,449385.5,0.604254732047,0.407971902449,0,L0_preferred_ATM35_DTE28_42,True,REFERENCE SELECTION ONLY — teammate may construct a different option selector.
2025-11-21,PLTR  251219C00155000,2025-12-19,155,28,154.850006104,155.744995117,11.6576236429,2487,2899251,150587,0.684492951869,0.54296000693,0,L0_preferred_ATM35_DTE28_42,True,REFERENCE SELECTION ONLY — teammate may construct a different option selector.
2025-11-24,,,,,162.25,,,,,,0.68477753175,,,,False,REFERENCE SELECTION ONLY — teammate may construct a different option selector.
2025-11-25,PLTR  251226C00165000,2025-12-26,165,31,163.550003052,162.25,9.74504531722,331,322561,65035.5,0.640928511467,0.526549410401,0,L0_preferred_ATM35_DTE28_42,True,REFERENCE SELECTION ONLY — teammate may construct a different option selector.
2025-11-26,PLTR  251226C00165000,2025-12-26,165,30,165.770004272,163.550003052,11.0661313869,548,606424,69586,0.556118819358,0.552554458321,0,L0_preferred_ATM35_DTE28_42,True,REFERENCE SELECTION ONLY — teammate may construct a different option selector.
2025-11-28,PLTR  251226C00165000,2025-12-26,165,28,168.449996948,165.770004272,10.4945794393,107,112292,105125,0.521717357612,0.594581779613,0,L0_preferred_ATM35_DTE28_42,True,REFERENCE SELECTION ONLY — teammate may construct a different option selector.
2025-12-01,PLTR  260102C00170000,2026-01-02,170,32,167.490005493,168.449996948,8.94715,200,178943,83787,0.470039723243,0.496432367539,0,L0_preferred_ATM35_DTE28_42,True,REFERENCE SELECTION ONLY — teammate may construct a different option selector.
2025-12-02,PLTR  260102C00170000,2026-01-02,170,31,170.690002441,167.490005493,10.58735363,427,452080,90329.5,0.530149117372,0.551006706486,0,L0_preferred_ATM35_DTE28_42,True,REFERENCE SELECTION ONLY — teammate may construct a different option selector.
2025-12-03,PLTR  260102C00170000,2026-01-02,170,30,176.080001831,170.690002441,12.8621610169,236,303547,96872,0.522664628893,0.630854252037,0,L0_preferred_ATM35_DTE28_42,True,REFERENCE SELECTION ONLY — teammate may construct a different option selector.
2025-12-04,PLTR  260102C00175000,2026-01-02,175,29,177.919998169,176.080001831,11.0484594595,370,408793,160978,0.501348445909,0.584358999702,0,L0_preferred_ATM35_DTE28_42,True,REFERENCE SELECTION ONLY — teammate may construct a different option selector.
2025-12-05,PLTR  260102C00180000,2026-01-02,180,28,181.759994507,177.919998169,10.213869969,646,659816,140055,0.475369204602,0.565903071171,0,L0_preferred_ATM35_DTE28_42,True,REFERENCE SELECTION ONLY — teammate may construct a different option selector.
2025-12-08,PLTR  260116C00180000,2026-01-16,180,39,181.490005493,181.759994507,12.5608167896,1763,2214472,1718839,0.475369204602,0.564224972469,0,L0_preferred_ATM35_DTE28_42,True,REFERENCE SELECTION ONLY — teammate may construct a different option selector.
2025-12-09,PLTR  260116C00180000,2026-01-16,180,38,181.839996338,181.490005493,12.5888211382,738,929055,1718839,0.446663646472,0.569513366737,0,L0_preferred_ATM35_DTE28_42,True,REFERENCE SELECTION ONLY — teammate may construct a different option selector.
2025-12-10,PLTR  260116C00180000,2026-01-16,180,37,187.910003662,181.839996338,16.408704955,1776,2914186,1626476,0.447691138458,0.65725710007,0,L0_preferred_ATM35_DTE28_42,True,REFERENCE SELECTION ONLY — teammate may construct a different option selector.
2025-12-11,PLTR  260116C00185000,2026-01-16,185,36,187.539993286,187.910003662,12.5034514925,1072,1340370,608953.5,0.485231018014,0.577226475434,0,L0_preferred_ATM35_DTE28_42,True,REFERENCE SELECTION ONLY — teammate may construct a different option selector.
2025-12-12,PLTR  260116C00185000,2026-01-16,185,35,183.570007324,187.539993286,10.2029638702,1633,1666144,608953.5,0.394370431947,0.513104476524,0,L0_preferred_ATM35_DTE28_42,True,REFERENCE SELECTION ONLY — teammate may construct a different option selector.
2025-12-15,PLTR  260116C00185000,2026-01-16,185,32,183.25,183.570007324,9.98492795389,1041,1039431,608953.5,0.394370431947,0.504299159139,0,L0_preferred_ATM35_DTE28_42,True,REFERENCE SELECTION ONLY — teammate may construct a different option selector.
2025-12-16,PLTR  260116C00185000,2026-01-16,185,31,187.75,183.25,11.9437422771,2266,2706452,633018,0.502108967448,0.579306837061,0,L0_preferred_ATM35_DTE28_42,True,REFERENCE SELECTION ONLY — teammate may construct a different option selector.
2025-12-17,PLTR  260116C00185000,2026-01-16,185,30,177.289993286,187.75,7.07789676966,2848,2015785,663569.5,0.42654466024,0.398697407632,0,L0_preferred_ATM35_DTE28_42,True,REFERENCE SELECTION ONLY — teammate may construct a different option selector.
2025-12-18,PLTR  260123C00180000,2026-01-23,180,36,185.690002441,177.289993286,13.9316666667,84,117026,214270.5,0.54529028195,0.615343967038,0,L0_preferred_ATM35_DTE28_42,True,REFERENCE SELECTION ONLY — teammate may construct a different option selector.
2025-12-19,PLTR  260123C00185000,2026-01-23,185,35,193.380004883,185.690002441,15.47,174,269178,420387,0.448094240823,0.662665298231,0,L0_preferred_ATM35_DTE28_42,True,REFERENCE SELECTION ONLY — teammate may construct a different option selector.
2025-12-22,PLTR  260123C00195000,2026-01-23,195,32,193.979995728,193.380004883,9.30349869452,383,356324,65491.5,0.448094240823,0.522546509193,0,L0_preferred_ATM35_DTE28_42,True,REFERENCE SELECTION ONLY — teammate may construct a different option selector.
2025-12-23,PLTR  260123C00195000,2026-01-23,195,31,194.130004883,193.979995728,9.08453531599,269,244374,69113,0.397334795132,0.520850374027,0,L0_preferred_ATM35_DTE28_42,True,REFERENCE SELECTION ONLY — teammate may construct a different option selector.
2025-12-24,PLTR  260123C00195000,2026-01-23,195,30,194.169998169,194.130004883,8.9208974359,78,69583,74078,0.386168545678,0.520032535806,0,L0_preferred_ATM35_DTE28_42,True,REFERENCE SELECTION ONLY — teammate may construct a different option selector.
2025-12-26,PLTR  260130C00195000,2026-01-30,195,35,188.710006714,194.169998169,7.52054830287,383,288037,94983,0.378883597681,0.426998700287,0,L0_preferred_ATM35_DTE28_42,True,REFERENCE SELECTION ONLY — teammate may construct a different option selector.
2025-12-29,PLTR  260130C00190000,2026-01-30,190,32,184.179992676,188.710006714,7.138886619,979,698897,95234,0.429209242825,0.440298352309,0,L0_preferred_ATM35_DTE28_42,True,REFERENCE SELECTION ONLY — teammate may construct a different option selector.
2025-12-30,PLTR  260130C00185000,2026-01-30,185,31,180.839996338,184.179992676,7.69335714286,280,215414,138088,0.417840678393,0.462356836092,0,L0_preferred_ATM35_DTE28_42,True,REFERENCE SELECTION ONLY — teammate may construct a different option selector.
2025-12-31,PLTR  260130C00180000,2026-01-30,180,30,177.75,180.839996338,7.74600735971,1087,841991,77392,0.431067577149,0.495985104189,0,L0_preferred_ATM35_DTE28_42,True,REFERENCE SELECTION ONLY — teammate may construct a different option selector.
2026-01-02,PLTR  260130C00180000,2026-01-30,180,28,167.86000061,177.75,3.93589213483,2225,875736,82175,0.409055398737,0.298332635542,0,L0_preferred_ATM35_DTE28_42,True,REFERENCE SELECTION ONLY — teammate may construct a different option selector.
2026-01-05,,,,,174.039993286,,,,,,0.409055398737,,,,False,REFERENCE SELECTION ONLY — teammate may construct a different option selector.
2026-01-06,,,,,179.710006714,,,,,,0.453599900374,,,,False,REFERENCE SELECTION ONLY — teammate may construct a different option selector.
2026-01-07,PLTR  260123C00180000,2026-01-23,180,16,181.679992676,179.710006714,7.7618875502,2241,1739439,168543,0.422365335472,0.568114734201,1,L1_fallback_ATM18_DTE15_22,True,REFERENCE SELECTION ONLY — teammate may construct a different option selector.
2026-01-08,PLTR  260123C00180000,2026-01-23,180,15,176.86000061,181.679992676,4.88374228924,1459,712538,168543,0.458668061128,0.451098192671,1,L1_fallback_ATM18_DTE15_22,True,REFERENCE SELECTION ONLY — teammate may construct a different option selector.
2026-01-09,PLTR  260206C00175000,2026-02-06,175,28,177.490005493,176.86000061,12.8688546256,227,292123,430955,0.436141799699,0.581578867474,0,L0_preferred_ATM35_DTE28_42,True,REFERENCE SELECTION ONLY — teammate may construct a different option selector.
2026-01-12,PLTR  260220C00180000,2026-02-20,180,39,179.410003662,177.490005493,13.0169583585,1657,2156910,1002200,0.436141799699,0.532668697483,0,L0_preferred_ATM35_DTE28_42,True,REFERENCE SELECTION ONLY — teammate may construct a different option selector.
2026-01-13,PLTR  260220C00180000,2026-02-20,180,38,178.960006714,179.410003662,12.7243372607,1358,1727965,1180288.5,0.442540726784,0.525365405972,0,L0_preferred_ATM35_DTE28_42,True,REFERENCE SELECTION ONLY — teammate may construct a different option selector.
2026-01-14,PLTR  260220C00180000,2026-02-20,180,37,178.399993896,178.960006714,12.318624031,1032,1271282,1208364.5,0.435089802122,0.515051931505,0,L0_preferred_ATM35_DTE28_42,True,REFERENCE SELECTION ONLY — teammate may construct a different option selector.
2026-01-15,PLTR  260220C00180000,2026-02-20,180,36,177.070007324,178.399993896,12.1353712871,1212,1470807,1283730,0.443741513597,0.493522405931,0,L0_preferred_ATM35_DTE28_42,True,REFERENCE SELECTION ONLY — teammate may construct a different option selector.
2026-01-16,PLTR  260220C00180000,2026-02-20,180,35,170.960006714,177.070007324,8.97782951289,2792,2506610,1351362,0.470794659176,0.400926602312,0,L0_preferred_ATM35_DTE28_42,True,REFERENCE SELECTION ONLY — teammate may construct a different option selector.
2026-01-20,PLTR  260220C00170000,2026-02-20,170,31,168.529998779,170.960006714,12.0713809524,1050,1267495,520141,0.670468371692,0.529021550006,0,L0_preferred_ATM35_DTE28_42,True,REFERENCE SELECTION ONLY — teammate may construct a different option selector.
2026-01-21,PLTR  260220C00170000,2026-02-20,170,30,165.330001831,168.529998779,9.75223506744,1557,1518423,520141,0.761371140089,0.49939027545,0,L0_preferred_ATM35_DTE28_42,True,REFERENCE SELECTION ONLY — teammate may construct a different option selector.
2026-01-22,PLTR  260220C00165000,2026-02-20,165,29,165.899993896,165.330001831,11.7036462094,554,648382,206750,0.690343280591,0.557100907931,0,L0_preferred_ATM35_DTE28_42,True,REFERENCE SELECTION ONLY — teammate may construct a different option selector.
2026-01-23,PLTR  260220C00165000,2026-02-20,165,28,169.600006104,165.899993896,13.8816220028,709,984207,221369.5,0.701407452728,0.601196902218,0,L0_preferred_ATM35_DTE28_42,True,REFERENCE SELECTION ONLY — teammate may construct a different option selector.
2026-01-26,PLTR  260227C00170000,2026-02-27,170,32,167.470001221,169.600006104,10.9942105263,399,438669,83913,0.641247906322,0.514654616111,0,L0_preferred_ATM35_DTE28_42,True,REFERENCE SELECTION ONLY — teammate may construct a different option selector.
2026-01-27,PLTR  260227C00165000,2026-02-27,165,31,165.699996948,167.470001221,12.0821686747,83,100282,71068,0.740894404321,0.557749869288,0,L0_preferred_ATM35_DTE28_42,True,REFERENCE SELECTION ONLY — teammate may construct a different option selector.
2026-01-28,PLTR  260227C00165000,2026-02-27,165,30,157.350006104,165.699996948,8.0749137931,348,281007,72500.5,0.668545138747,0.44727268551,0,L0_preferred_ATM35_DTE28_42,True,REFERENCE SELECTION ONLY — teammate may construct a different option selector.
2026-01-29,PLTR  260227C00160000,2026-02-27,160,29,151.86000061,157.350006104,6.94695121951,574,398755,55100,0.744498041548,0.449529037242,0,L0_preferred_ATM35_DTE28_42,True,REFERENCE SELECTION ONLY — teammate may construct a different option selector.
2026-01-30,PLTR  260220C00155000,2026-02-20,155,21,146.589996338,151.86000061,6.00752999294,2834,1702534,179366,0.686092093793,0.404791007691,1,L1_fallback_ATM18_DTE15_22,True,REFERENCE SELECTION ONLY — teammate may construct a different option selector.
2026-02-02,PLTR  260220C00145000,2026-02-20,145,18,147.759994507,146.589996338,11.4093333333,585,667446,108267.5,0.687528534405,0.584871623376,1,L1_fallback_ATM18_DTE15_22,True,REFERENCE SELECTION ONLY — teammate may construct a different option selector.
2026-02-03,PLTR  260220C00145000,2026-02-20,145,17,157.880004883,147.759994507,15.376226138,681,1047121,108267.5,0.761924061956,0.729898910221,1,L1_fallback_ATM18_DTE15_22,True,REFERENCE SELECTION ONLY — teammate may construct a different option selector.
2026-02-04,PLTR  260220C00157500,2026-02-20,157.5,16,139.539993286,157.880004883,1.36910301954,1126,154161,76591,0.519834693385,0.149196142595,1,L1_fallback_ATM18_DTE15_22,True,REFERENCE SELECTION ONLY — teammate may construct a different option selector.
2026-02-05,PLTR  260220C00140000,2026-02-20,140,15,130.009994507,139.539993286,2.87149019608,6375,1830575,196462,0.590123386967,0.293373074943,1,L1_fallback_ATM18_DTE15_22,True,REFERENCE SELECTION ONLY — teammate may construct a different option selector.
2026-02-06,,,,,135.899993896,,,,,,0.63791099178,,,,False,REFERENCE SELECTION ONLY — teammate may construct a different option selector.
2026-02-09,PLTR  260320C00135000,2026-03-20,135,39,142.910003662,135.899993896,15.0630535714,560,843531,219237,0.63791099178,0.655564759516,0,L0_preferred_ATM35_DTE28_42,True,REFERENCE SELECTION ONLY — teammate may construct a different option selector.
2026-02-10,PLTR  260320C00145000,2026-03-20,145,38,139.509994507,142.910003662,7.00474348192,1189,832864,270748,0.553652288123,0.459967712057,0,L0_preferred_ATM35_DTE28_42,True,REFERENCE SELECTION ONLY — teammate may construct a different option selector.
2026-02-11,PLTR  260227C00140000,2026-02-27,140,16,135.679992676,139.509994507,4.00212824011,733,293356,96944,0.522122891704,0.415266839422,1,L1_fallback_ATM18_DTE15_22,True,REFERENCE SELECTION ONLY — teammate may construct a different option selector.
2026-02-12,PLTR  260320C00135000,2026-03-20,135,36,129.130004883,135.679992676,6.64620988725,1153,766308,355754,0.51692684504,0.434344786989,0,L0_preferred_ATM35_DTE28_42,True,REFERENCE SELECTION ONLY — teammate may construct a different option selector.
2026-02-13,PLTR  260306C00130000,2026-03-06,130,21,131.410003662,129.130004883,7.75142857143,1064,824752,87913,0.576698859585,0.565869399264,1,L1_fallback_ATM18_DTE15_22,True,REFERENCE SELECTION ONLY — teammate may construct a different option selector.
2026-02-17,PLTR  260320C00135000,2026-03-20,135,31,133.020004272,131.410003662,7.78494860499,1362,1060310,424080,0.576698859585,0.507524175292,0,L0_preferred_ATM35_DTE28_42,True,REFERENCE SELECTION ONLY — teammate may construct a different option selector.
2026-02-18,PLTR  260320C00135000,2026-03-20,135,30,135.380004883,133.020004272,9.07813400125,1597,1449778,469213,0.544522301249,0.547660696438,0,L0_preferred_ATM35_DTE28_42,True,REFERENCE SELECTION ONLY — teammate may construct a different option selector.
2026-02-19,PLTR  260320C00135000,2026-03-20,135,29,134.88999939,135.380004883,8.15826807229,1328,1083418,511741,0.576510601604,0.539127850315,0,L0_preferred_ATM35_DTE28_42,True,REFERENCE SELECTION ONLY — teammate may construct a different option selector.
2026-02-20,PLTR  260320C00135000,2026-03-20,135,28,135.240005493,134.88999939,8.03805129329,4562,3666959,595665,0.527082639849,0.543322087322,0,L0_preferred_ATM35_DTE28_42,True,REFERENCE SELECTION ONLY — teammate may construct a different option selector.
2026-02-23,PLTR  260313C00135000,2026-03-13,135,18,130.600006104,135.240005493,4.71424742268,970,457282,190379.5,0.510367727585,0.414449877645,1,L1_fallback_ATM18_DTE15_22,True,REFERENCE SELECTION ONLY — teammate may construct a different option selector.
2026-02-24,,,,,128.839996338,,,,,,0.568993928115,,,,False,REFERENCE SELECTION ONLY — teammate may construct a different option selector.
2026-02-25,,,,,134.190002441,,,,,,0.575212474578,,,,False,REFERENCE SELECTION ONLY — teammate may construct a different option selector.
2026-02-26,PLTR  260313C00135000,2026-03-13,135,15,135.940002441,134.190002441,6.24242833052,593,370176,191520,0.551462087091,0.55349937918,1,L1_fallback_ATM18_DTE15_22,True,REFERENCE SELECTION ONLY — teammate may construct a different option selector.
2026-02-27,PLTR  260402C00140000,2026-04-02,140,34,137.190002441,135.940002441,6.72127016129,496,333375,61493.5,0.510962975881,0.489963455472,0,L0_preferred_ATM35_DTE28_42,True,REFERENCE SELECTION ONLY — teammate may construct a different option selector.
2026-03-02,PLTR  260402C00140000,2026-04-02,140,31,145.169998169,137.190002441,12.5053811659,446,557740,62158,0.46609522362,0.641704725824,0,L0_preferred_ATM35_DTE28_42,True,REFERENCE SELECTION ONLY — teammate may construct a different option selector.
2026-03-03,PLTR  260320C00145000,2026-03-20,145,17,147.220001221,145.169998169,8.41968333933,2779,2339830,652058,0.561811701312,0.58052128043,1,L1_fallback_ATM18_DTE15_22,True,REFERENCE SELECTION ONLY — teammate may construct a different option selector.
2026-03-04,PLTR  260402C00145000,2026-04-02,145,29,153.190002441,147.220001221,14.326827957,372,532958,51549,0.563547655546,0.672861795921,0,L0_preferred_ATM35_DTE28_42,True,REFERENCE SELECTION ONLY — teammate may construct a different option selector.
2026-03-05,PLTR  260402C00150000,2026-04-02,150,28,152.669998169,153.190002441,10.3289175258,388,400762,65660,0.565096942081,0.584352127441,0,L0_preferred_ATM35_DTE28_42,True,REFERENCE SELECTION ONLY — teammate may construct a different option selector.
2026-03-06,PLTR  260417C00155000,2026-04-17,155,42,157.160003662,152.669998169,13.3548863636,1760,2350460,174681,0.534682894379,0.577514408463,0,L0_preferred_ATM35_DTE28_42,True,REFERENCE SELECTION ONLY — teammate may construct a different option selector.
2026-03-09,PLTR  260417C00155000,2026-04-17,155,39,156.429992676,157.160003662,11.6409489633,1254,1459775,174681,0.534682894379,0.566489229354,0,L0_preferred_ATM35_DTE28_42,True,REFERENCE SELECTION ONLY — teammate may construct a different option selector.
2026-03-10,PLTR  260417C00155000,2026-04-17,155,38,151.13999939,156.429992676,8.77592727273,1375,1206690,174681,0.52004169281,0.484655012948,0,L0_preferred_ATM35_DTE28_42,True,REFERENCE SELECTION ONLY — teammate may construct a different option selector.
2026-03-11,PLTR  260417C00150000,2026-04-17,150,37,151.600006104,151.13999939,11.043491062,951,1050236,1634921.5,0.561212469796,0.569165844697,0,L0_preferred_ATM35_DTE28_42,True,REFERENCE SELECTION ONLY — teammate may construct a different option selector.
2026-03-12,PLTR  260417C00150000,2026-04-17,150,36,153.5,151.600006104,12.5915239948,3084,3883226,1418497.5,0.522646837325,0.598564128724,0,L0_preferred_ATM35_DTE28_42,True,REFERENCE SELECTION ONLY — teammate may construct a different option selector.
2026-03-13,PLTR  260417C00155000,2026-04-17,155,35,150.949996948,153.5,7.7980754352,1034,806321,275052.5,0.562401242345,0.48397695845,0,L0_preferred_ATM35_DTE28_42,True,REFERENCE SELECTION ONLY — teammate may construct a different option selector.
2026-03-16,PLTR  260417C00150000,2026-04-17,150,32,152.720001221,150.949996948,10.8455128205,390,422975,1724994,0.513132374965,0.587147761798,0,L0_preferred_ATM35_DTE28_42,True,REFERENCE SELECTION ONLY — teammate may construct a different option selector.
2026-03-17,PLTR  260417C00155000,2026-04-17,155,31,155.080001831,152.720001221,8.78472174804,2929,2573045,417651.5,0.526878861243,0.54182216562,0,L0_preferred_ATM35_DTE28_42,True,REFERENCE SELECTION ONLY — teammate may construct a different option selector.
2026-03-18,PLTR  260417C00155000,2026-04-17,155,30,152.770004272,155.080001831,7.86289552239,2680,2107256,519058.5,0.486779850172,0.496983921982,0,L0_preferred_ATM35_DTE28_42,True,REFERENCE SELECTION ONLY — teammate may construct a different option selector.
2026-03-19,PLTR  260424C00155000,2026-04-24,155,36,155.679992676,152.770004272,9.7725862069,116,113362,174041,0.538531897475,0.554361741294,0,L0_preferred_ATM35_DTE28_42,True,REFERENCE SELECTION ONLY — teammate may construct a different option selector.
2026-03-20,PLTR  260424C00155000,2026-04-24,155,35,150.679992676,155.679992676,7.49288973384,263,197063,167224,0.45915352219,0.461217617707,0,L0_preferred_ATM35_DTE28_42,True,REFERENCE SELECTION ONLY — teammate may construct a different option selector.
2026-03-23,PLTR  260424C00150000,2026-04-24,150,32,160.839996338,150.679992676,14.9220348837,172,256659,182701.5,0.494000531271,0.718075377906,0,L0_preferred_ATM35_DTE28_42,True,REFERENCE SELECTION ONLY — teammate may construct a different option selector.
2026-03-24,PLTR  260424C00160000,2026-04-24,160,31,154.779998779,160.839996338,7.06660142349,1124,794286,178778,0.483372405665,0.445161960708,0,L0_preferred_ATM35_DTE28_42,True,REFERENCE SELECTION ONLY — teammate may construct a different option selector.
2026-03-25,PLTR  260424C00155000,2026-04-24,155,30,154.960006714,154.779998779,9.64486891386,267,257518,188409,0.531650303089,0.539344630926,0,L0_preferred_ATM35_DTE28_42,True,REFERENCE SELECTION ONLY — teammate may construct a different option selector.
2026-03-26,PLTR  260501C00155000,2026-05-01,155,36,147.559997559,154.960006714,6.75532467532,231,156048,174109.5,0.534775166491,0.427599931759,0,L0_preferred_ATM35_DTE28_42,True,REFERENCE SELECTION ONLY — teammate may construct a different option selector.
2026-03-27,PLTR  260501C00150000,2026-05-01,150,35,143.059997559,147.559997559,6.73587209302,172,115857,71996,0.562541938561,0.436413273447,0,L0_preferred_ATM35_DTE28_42,True,REFERENCE SELECTION ONLY — teammate may construct a different option selector.
2026-03-30,PLTR  260417C00145000,2026-04-17,145,18,137.550003052,143.059997559,3.83525619835,1210,464066,344425,0.550795852213,0.36244490333,1,L1_fallback_ATM18_DTE15_22,True,REFERENCE SELECTION ONLY — teammate may construct a different option selector.
2026-03-31,PLTR  260417C00135000,2026-04-17,135,17,146.279998779,137.550003052,12.7859560907,1412,1805377,200544,0.550795852213,0.774022818952,1,L1_fallback_ATM18_DTE15_22,True,REFERENCE SELECTION ONLY — teammate may construct a different option selector.
2026-04-01,PLTR  260501C00150000,2026-05-01,150,30,146.490005493,146.279998779,6.5151951952,333,216956,99078.5,0.514225186267,0.475356230895,0,L0_preferred_ATM35_DTE28_42,True,REFERENCE SELECTION ONLY — teammate may construct a different option selector.
2026-04-02,PLTR  260501C00145000,2026-05-01,145,29,148.460006714,146.490005493,9.05454545455,55,49800,58121,0.500870351531,0.603704446434,0,L0_preferred_ATM35_DTE28_42,True,REFERENCE SELECTION ONLY — teammate may construct a different option selector.
2026-04-06,PLTR  260515C00150000,2026-05-15,150,39,147.929992676,148.460006714,10.6583574032,14818,15793554,1009777.5,0.433014006809,0.502619092453,0,L0_preferred_ATM35_DTE28_42,True,REFERENCE SELECTION ONLY — teammate may construct a different option selector.
2026-04-07,PLTR  260515C00150000,2026-05-15,150,38,150.070007324,147.929992676,11.4387143315,3119,3567735,1009777.5,0.518662333922,0.545562848366,0,L0_preferred_ATM35_DTE28_42,True,REFERENCE SELECTION ONLY — teammate may construct a different option selector.
2026-04-08,PLTR  260515C00150000,2026-05-15,150,37,140.759994507,150.070007324,7.09364475202,3468,2460076,1038185.5,0.46998525775,0.374641287851,0,L0_preferred_ATM35_DTE28_42,True,REFERENCE SELECTION ONLY — teammate may construct a different option selector.
2026-04-09,,,,,130.490005493,,,,,,0.518773695984,,,,False,REFERENCE SELECTION ONLY — teammate may construct a different option selector.
2026-04-10,,,,,128.059997559,,,,,,0.54343082347,,,,False,REFERENCE SELECTION ONLY — teammate may construct a different option selector.
2026-04-13,,,,,132.369995117,,,,,,0.54343082347,,,,False,REFERENCE SELECTION ONLY — teammate may construct a different option selector.
2026-04-14,,,,,135.699996948,,,,,,0.5320495105,,,,False,REFERENCE SELECTION ONLY — teammate may construct a different option selector.
2026-04-15,,,,,142.149993896,,,,,,0.5056018377,,,,False,REFERENCE SELECTION ONLY — teammate may construct a different option selector.
2026-04-16,PLTR  260515C00145000,2026-05-15,145,29,142.759994507,142.149993896,8.7502920082,1952,1708057,458140.5,0.50374518046,0.494626229749,0,L0_preferred_ATM35_DTE28_42,True,REFERENCE SELECTION ONLY — teammate may construct a different option selector.
2026-04-17,PLTR  260515C00145000,2026-05-15,145,28,146.38999939,142.759994507,10.8383762887,1164,1261587,555143.5,0.490352355447,0.564965918394,0,L0_preferred_ATM35_DTE28_42,True,REFERENCE SELECTION ONLY — teammate may construct a different option selector.
2026-04-20,PLTR  260522C00150000,2026-05-22,150,32,145.88999939,146.38999939,8.55031347962,319,272755,112101,0.669762351067,0.491605181907,0,L0_preferred_ATM35_DTE28_42,True,REFERENCE SELECTION ONLY — teammate may construct a different option selector.
2026-04-21,PLTR  260522C00150000,2026-05-22,150,31,145.970001221,145.88999939,9.1038047138,297,270383,145113.5,0.684063352936,0.492914888433,0,L0_preferred_ATM35_DTE28_42,True,REFERENCE SELECTION ONLY — teammate may construct a different option selector.
2026-04-22,PLTR  260522C00150000,2026-05-22,150,30,152.619995117,145.970001221,12.0907708333,480,580357,178126,0.747895574508,0.581298285038,0,L0_preferred_ATM35_DTE28_42,True,REFERENCE SELECTION ONLY — teammate may construct a different option selector.
2026-04-23,PLTR  260529C00150000,2026-05-29,150,36,141.570007324,152.619995117,7.54344709898,293,221023,76707.5,0.705213112757,0.448131097602,0,L0_preferred_ATM35_DTE28_42,True,REFERENCE SELECTION ONLY — teammate may construct a different option selector.
2026-04-24,PLTR  260529C00145000,2026-05-29,145,35,143.089996338,141.570007324,9.57018854749,1432,1370451,51099,0.75469145386,0.531314373765,0,L0_preferred_ATM35_DTE28_42,True,REFERENCE SELECTION ONLY — teammate may construct a different option selector.
2026-04-27,PLTR  260529C00145000,2026-05-29,145,32,143.100006104,143.089996338,9.68419811321,212,205305,55508.5,0.651294467786,0.519334196883,0,L0_preferred_ATM35_DTE28_42,True,REFERENCE SELECTION ONLY — teammate may construct a different option selector.
2026-04-28,PLTR  260529C00145000,2026-05-29,145,31,141.179992676,143.100006104,8.71638297872,47,40967,59918,0.70934293405,0.497088253801,0,L0_preferred_ATM35_DTE28_42,True,REFERENCE SELECTION ONLY — teammate may construct a different option selector.
2026-04-29,PLTR  260529C00145000,2026-05-29,145,30,137.970001221,141.179992676,6.39319191919,495,316463,55508.5,0.722939135702,0.452912009238,0,L0_preferred_ATM35_DTE28_42,True,REFERENCE SELECTION ONLY — teammate may construct a different option selector.
2026-04-30,,,,,139.11000061,,,,,,0.680268253227,,,,False,REFERENCE SELECTION ONLY — teammate may construct a different option selector.
2026-05-01,,,,,144.070007324,,,,,,0.714224526141,,,,False,REFERENCE SELECTION ONLY — teammate may construct a different option selector.
2026-05-04,,,,,146.029998779,,,,,,0.654793164762,,,,False,REFERENCE SELECTION ONLY — teammate may construct a different option selector.
2026-05-05,PLTR  260522C00150000,2026-05-22,150,17,135.910003662,146.029998779,2.04603573792,3022,618312,206453,0.721487911579,0.293840219151,1,L1_fallback_ATM18_DTE15_22,True,REFERENCE SELECTION ONLY — teammate may construct a different option selector.
2026-05-06,,,,,133.789993286,,,,,,0.548840221292,,,,False,REFERENCE SELECTION ONLY — teammate may construct a different option selector.
2026-05-07,PLTR  260618C00135000,2026-06-18,135,42,137.050003052,133.789993286,10.4273668342,995,1037523,448435.5,0.489200899779,0.581212233262,0,L0_preferred_ATM35_DTE28_42,True,REFERENCE SELECTION ONLY — teammate may construct a different option selector.
2026-05-08,PLTR  260618C00135000,2026-06-18,135,41,137.800003052,137.050003052,9.93735596387,3211,3190885,448435.5,0.501257723645,0.593393286505,0,L0_preferred_ATM35_DTE28_42,True,REFERENCE SELECTION ONLY — teammate may construct a different option selector.
2026-05-11,PLTR  260618C00135000,2026-06-18,135,38,136.88999939,137.800003052,9.74191419142,1212,1180720,448435.5,0.459266026989,0.579075332604,0,L0_preferred_ATM35_DTE28_42,True,REFERENCE SELECTION ONLY — teammate may construct a different option selector.
2026-05-12,PLTR  260618C00135000,2026-06-18,135,37,136,136.88999939,8.92531779661,1416,1263825,448435.5,0.471933332279,0.561433242798,0,L0_preferred_ATM35_DTE28_42,True,REFERENCE SELECTION ONLY — teammate may construct a different option selector.
2026-05-13,PLTR  260618C00135000,2026-06-18,135,36,130.050003052,136,6.32589865743,2309,1460650,448435.5,0.44006860639,0.432868984798,0,L0_preferred_ATM35_DTE28_42,True,REFERENCE SELECTION ONLY — teammate may construct a different option selector.
2026-05-14,PLTR  260618C00130000,2026-06-18,130,35,133.729995728,130.050003052,10.1235239852,1084,1097390,504397,0.497125002816,0.613618455978,0,L0_preferred_ATM35_DTE28_42,True,REFERENCE SELECTION ONLY — teammate may construct a different option selector.
2026-05-15,PLTR  260618C00135000,2026-06-18,135,34,133.990005493,133.729995728,7.51245820154,2213,1662507,474401,0.470285746964,0.519401696103,0,L0_preferred_ATM35_DTE28_42,True,REFERENCE SELECTION ONLY — teammate may construct a different option selector.
2026-05-18,PLTR  260618C00135000,2026-06-18,135,31,135.13999939,133.990005493,7.57035363458,1527,1155993,497470,0.481646339071,0.541730969385,0,L0_preferred_ATM35_DTE28_42,True,REFERENCE SELECTION ONLY — teammate may construct a different option selector.
2026-05-19,PLTR  260618C00135000,2026-06-18,135,30,135.259994507,135.13999939,7.70524185587,1013,780541,773885.5,0.459931454389,0.54322855879,0,L0_preferred_ATM35_DTE28_42,True,REFERENCE SELECTION ONLY — teammate may construct a different option selector.
2026-05-20,PLTR  260618C00135000,2026-06-18,135,29,137.149993896,135.259994507,8.40675465839,644,541395,909032,0.486867793335,0.583089779094,0,L0_preferred_ATM35_DTE28_42,True,REFERENCE SELECTION ONLY — teammate may construct a different option selector.
2026-05-21,PLTR  260618C00135000,2026-06-18,135,28,137.414993286,137.149993896,8.418382643,507,426812,909032,0.456601114027,0.591238406863,0,L0_preferred_ATM35_DTE28_42,True,REFERENCE SELECTION ONLY — teammate may construct a different option selector.
2026-05-22,PLTR  260612C00136000,2026-06-12,136,21,136.880004883,137.414993286,6.40444444444,36,23056,80081,0.463724041173,0.554436141527,1,L1_fallback_ATM18_DTE15_22,True,REFERENCE SELECTION ONLY — teammate may construct a different option selector.
2026-05-26,PLTR  260612C00136000,2026-06-12,136,17,136.600006104,136.880004883,5.82350877193,114,66388,70399,0.457581077408,0.545847647665,1,L1_fallback_ATM18_DTE15_22,True,REFERENCE SELECTION ONLY — teammate may construct a different option selector.
2026-05-27,PLTR  260612C00136000,2026-06-12,136,16,132.509994507,136.600006104,3.88035587189,562,218076,66388,0.472073078608,0.42322563289,1,L1_fallback_ATM18_DTE15_22,True,REFERENCE SELECTION ONLY — teammate may construct a different option selector.
2026-05-28,PLTR  260626C00130000,2026-06-26,130,29,143.339996338,132.509994507,13.9004,75,104253,115298,0.479544078489,0.792954824127,0,L0_preferred_ATM35_DTE28_42,True,REFERENCE SELECTION ONLY — teammate may construct a different option selector.
2026-05-29,PLTR  260626C00145000,2026-06-26,145,28,156.539993286,143.339996338,15.5155255255,333,516667,51171,0.430267935172,0.76765279769,0,L0_preferred_ATM35_DTE28_42,True,REFERENCE SELECTION ONLY — teammate may construct a different option selector.
2026-06-01,PLTR  260618C00155000,2026-06-18,155,17,160.649993896,156.539993286,11.1236936578,2507,2788710,354236,0.523402171604,0.65246857102,1,L1_fallback_ATM18_DTE15_22,True,REFERENCE SELECTION ONLY — teammate may construct a different option selector.
2026-06-02,PLTR  260618C00160000,2026-06-18,160,16,152.169998169,160.649993896,4.21493034939,4379,1845718,357224.5,0.577436120708,0.367583654772,1,L1_fallback_ATM18_DTE15_22,True,REFERENCE SELECTION ONLY — teammate may construct a different option selector.
2026-06-03,PLTR  260618C00150000,2026-06-18,150,15,142.199996948,152.169998169,3.28551341537,4957,1628629,1547331,0.552999665443,0.343180420608,1,L1_fallback_ATM18_DTE15_22,True,REFERENCE SELECTION ONLY — teammate may construct a different option selector.
2026-06-04,PLTR  260626C00145000,2026-06-26,145,22,141.699996948,142.199996948,5.78156682028,217,125460,78269,0.532761992399,0.464193405717,1,L1_fallback_ATM18_DTE15_22,True,REFERENCE SELECTION ONLY — teammate may construct a different option selector.
2026-06-05,PLTR  260717C00140000,2026-07-17,140,42,135.529998779,141.699996948,7.38470848057,1132,835949,1351189,0.502058181293,0.470116484461,0,L0_preferred_ATM35_DTE28_42,True,REFERENCE SELECTION ONLY — teammate may construct a different option selector.
2026-06-08,PLTR  260717C00135000,2026-07-17,135,39,136.470001221,135.529998779,9.79928571429,658,644793,942951.5,0.594993338018,0.570501671806,0,L0_preferred_ATM35_DTE28_42,True,REFERENCE SELECTION ONLY — teammate may construct a different option selector.
2026-06-09,PLTR  260717C00135000,2026-07-17,135,38,132.070007324,136.470001221,7.47072429907,856,639494,857004.5,0.488350750245,0.487739457578,0,L0_preferred_ATM35_DTE28_42,True,REFERENCE SELECTION ONLY — teammate may construct a different option selector.
2026-06-10,PLTR  260717C00135000,2026-07-17,135,37,130.210006714,132.070007324,6.79920604915,529,359678,857004.5,0.504250437576,0.453694022398,0,L0_preferred_ATM35_DTE28_42,True,REFERENCE SELECTION ONLY — teammate may construct a different option selector.
2026-06-11,PLTR  260626C00130000,2026-06-26,130,15,131.080001831,130.210006714,5.7474522293,314,180470,109796.5,0.572025726284,0.557752861431,1,L1_fallback_ATM18_DTE15_22,True,REFERENCE SELECTION ONLY — teammate may construct a different option selector.
2026-06-12,PLTR  260717C00135000,2026-07-17,135,35,127.989997864,131.080001831,4.91258510638,1880,923566,799323,0.49363940997,0.403549130912,0,L0_preferred_ATM35_DTE28_42,True,REFERENCE SELECTION ONLY — teammate may construct a different option selector.
