date,pltr_open,pltr_high,pltr_low,pltr_close,pltr_adj_close,pltr_volume,ptir_open,ptir_high,ptir_low,ptir_close,ptir_adj_close,ptir_volume,pltr_return_1d,ptir_return_1d,pltr_return_5d,pltr_return_20d,pltr_realized_vol_20d,ptir_expected_2x_return,ptir_tracking_difference,both_prices_available,data_quality_flag
2024-09-04,,,,30.5900001526,30.5900001526,,,,,1.58323001862,1.58323001862,,,,,,,,,True,ADJUSTED_CLOSE_ONLY_OHLCV_UNAVAILABLE
2024-09-05,,,,30.1599998474,30.1599998474,,,,,1.5449950695,1.5449950695,,-0.01405689124,-0.0241499647318,,,,-0.02811378248,0.00396381774813,True,ADJUSTED_CLOSE_ONLY_OHLCV_UNAVAILABLE
2024-09-06,,,,30.3299999237,30.3299999237,,,,,1.55856466293,1.55856466293,,0.00563660733269,0.00878293639728,,,,0.0112732146654,-0.0024902782681,True,ADJUSTED_CLOSE_ONLY_OHLCV_UNAVAILABLE
2024-09-09,,,,34.5999984741,34.5999984741,,,,,1.99924874306,1.99924874306,,0.140784654176,0.282749949748,,,,0.281569308352,0.00118064139645,True,ADJUSTED_CLOSE_ONLY_OHLCV_UNAVAILABLE
2024-09-10,,,,34.7599983215,34.7599983215,,,,,2.02017331123,2.02017331123,,0.00462427325053,0.0104662154967,,,,0.00924854650105,0.00121766899561,True,ADJUSTED_CLOSE_ONLY_OHLCV_UNAVAILABLE
2024-09-11,,,,34.8499984741,34.8499984741,,,,,2.02271008492,2.02271008492,,0.00258918748371,0.00125572081738,0.139261140905,,,0.00517837496742,-0.00392265415004,True,ADJUSTED_CLOSE_ONLY_OHLCV_UNAVAILABLE
2024-09-12,,,,34.9099998474,34.9099998474,,,,,2.03665924072,2.03665924072,,0.00172170375662,0.00689627045988,0.157493369497,,,0.00344340751324,0.00345286294664,True,ADJUSTED_CLOSE_ONLY_OHLCV_UNAVAILABLE
2024-09-13,,,,35.5900001526,35.5900001526,,,,,2.10361790657,2.10361790657,,0.0194786682368,0.0328767152153,0.173425659153,,,0.0389573364737,-0.00608062125841,True,ADJUSTED_CLOSE_ONLY_OHLCV_UNAVAILABLE
2024-09-16,,,,36.3100013733,36.3100013733,,,,,2.19391131401,2.19391131401,,0.0202304360106,0.042922912549,0.0494220512885,,,0.0404608720211,0.00246204052784,True,ADJUSTED_CLOSE_ONLY_OHLCV_UNAVAILABLE
2024-09-17,,,,36.4500007629,36.4500007629,,,,,2.20976257324,2.20976257324,,0.00385567018324,0.00722511394619,0.0486191750003,,,0.00771134036648,-0.00048622642029,True,ADJUSTED_CLOSE_ONLY_OHLCV_UNAVAILABLE
2024-09-18,,,,36.3800010681,36.3800010681,,,,,2.20532441139,2.20532441139,,-0.00192043054483,-0.00200843380358,0.0439025153797,,,-0.00384086108966,0.00183242728608,True,ADJUSTED_CLOSE_ONLY_OHLCV_UNAVAILABLE
2024-09-19,,,,36.8300018311,36.8300018311,,,,,2.25769877434,2.25769877434,,0.012369454363,0.0237490514661,0.0549986248076,,,0.0247389087261,-0.000989857260003,True,ADJUSTED_CLOSE_ONLY_OHLCV_UNAVAILABLE
2024-09-20,,,,37.2000007629,37.2000007629,,,,,2.29409503937,2.29409503937,,0.0100461285227,0.0161209570752,0.0452374431989,,,0.0200922570453,-0.0039712999701,True,ADJUSTED_CLOSE_ONLY_OHLCV_UNAVAILABLE
2024-09-23,,,,37.9500007629,37.9500007629,,,,,2.3835003376,2.3835003376,,0.0201612899091,0.0389719243095,0.0451666022479,,,0.0403225798182,-0.00135065550868,True,ADJUSTED_CLOSE_ONLY_OHLCV_UNAVAILABLE
2024-09-24,,,,36.9000015259,36.9000015259,,,,,2.26112270355,2.26112270355,,-0.0276679635297,-0.0513436613026,0.0123456996851,,,-0.0553359270594,0.00399226575675,True,ADJUSTED_CLOSE_ONLY_OHLCV_UNAVAILABLE
2024-09-25,,,,37.1199989319,37.1199989319,,,,,2.2788772583,2.2788772583,,0.00596198907611,0.00785209697848,0.0203407873019,,,0.0119239781522,-0.00407188117375,True,ADJUSTED_CLOSE_ONLY_OHLCV_UNAVAILABLE
2024-09-26,,,,37.0999984741,37.0999984741,,,,,2.27253627777,2.27253627777,,-0.000538805450948,-0.00278250200035,0.00733088866802,,,-0.0010776109019,-0.00170489109846,True,ADJUSTED_CLOSE_ONLY_OHLCV_UNAVAILABLE
2024-09-27,,,,36.8400001526,36.8400001526,,,,,2.24336910248,2.24336910248,,-0.00700804129991,-0.0128346357232,-0.00967743556366,,,-0.0140160825998,0.00118144687661,True,ADJUSTED_CLOSE_ONLY_OHLCV_UNAVAILABLE
2024-09-30,,,,37.2000007629,37.2000007629,,,,,2.285851717,2.285851717,,0.00977200349784,0.0189369705013,-0.0197628454525,,,0.0195440069957,-0.000607036494357,True,ADJUSTED_CLOSE_ONLY_OHLCV_UNAVAILABLE
2024-10-01,,,,36.4599990845,36.4599990845,,,,,2.20025134087,2.20025134087,,-0.0198925178304,-0.0374479129563,-0.0119241849109,,,-0.0397850356608,0.00233712270441,True,ADJUSTED_CLOSE_ONLY_OHLCV_UNAVAILABLE
2024-10-02,,,,37.4900016785,37.4900016785,,,,,2.32262849808,2.32262849808,,0.0282502089923,0.0556196262392,0.00996774669258,0.225563958531,0.532631649,0.0565004179845,-0.000880791745315,True,ADJUSTED_CLOSE_ONLY_OHLCV_UNAVAILABLE
2024-10-03,,,,39.2400016785,39.2400016785,,,,,2.5325088501,2.5325088501,,0.0466791123406,0.0903632897788,0.0576820294437,0.301061070192,0.538756177213,0.0933582246813,-0.00299493490248,True,ADJUSTED_CLOSE_ONLY_OHLCV_UNAVAILABLE
2024-10-04,,,,40.0099983215,40.0099983215,,,,,2.63522958755,2.63522958755,,0.0196227474549,0.0405608602131,0.0860477240992,0.319155899182,0.538247505711,0.0392454949098,0.00131536530331,True,ADJUSTED_CLOSE_ONLY_OHLCV_UNAVAILABLE
2024-10-07,,,,38.8899993896,38.8899993896,,,,,2.48685526848,2.48685526848,,-0.0279929762277,-0.0563041337185,0.0454300696787,0.123988471235,0.288189141448,-0.0559859524554,-0.000318181263073,True,ADJUSTED_CLOSE_ONLY_OHLCV_UNAVAILABLE
2024-10-08,,,,41.4500007629,41.4500007629,,,,,2.81213736534,2.81213736534,,0.0658267270113,0.130800574117,0.136862364338,0.19246268022,0.357754214692,0.131653454023,-0.000852879905576,True,ADJUSTED_CLOSE_ONLY_OHLCV_UNAVAILABLE
2024-10-09,,,,43.1300010681,43.1300010681,,,,,3.04167342186,3.04167342186,,0.0405307665682,0.0816233443457,0.150440094349,0.23758975485,0.373626397996,0.0810615331365,0.000561811209199,True,ADJUSTED_CLOSE_ONLY_OHLCV_UNAVAILABLE
2024-10-10,,,,43.5200004578,43.5200004578,,,,,3.09113144875,3.09113144875,,0.00904241548783,0.0162601371109,0.109072339353,0.246634220796,0.372122530233,0.0180848309757,-0.00182469386477,True,ADJUSTED_CLOSE_ONLY_OHLCV_UNAVAILABLE
2024-10-11,,,,43.5099983215,43.5099983215,,,,,3.0892291069,3.0892291069,,-0.000229828495525,-0.000615419264497,0.0874781341372,0.222534367378,0.372980783805,-0.000459656991051,-0.000155762273447,True,ADJUSTED_CLOSE_ONLY_OHLCV_UNAVAILABLE
2024-10-14,,,,43.4000015259,43.4000015259,,,,,3.07274365425,3.07274365425,,-0.00252808089859,-0.00533642927782,0.115968171947,0.195263009761,0.373736525771,-0.00505616179718,-0.000280267480645,True,ADJUSTED_CLOSE_ONLY_OHLCV_UNAVAILABLE
2024-10-15,,,,42.4300003052,42.4300003052,,,,,2.93705058098,2.93705058098,,-0.0223502577557,-0.0441602322032,0.0236429318263,0.16406034066,0.389947375025,-0.0447005155115,0.000540283308269,True,ADJUSTED_CLOSE_ONLY_OHLCV_UNAVAILABLE
2024-10-16,,,,41.9300003052,41.9300003052,,,,,2.86413121223,2.86413121223,,-0.0117841149282,-0.0248274133296,-0.0278228781178,0.152556324192,0.394786117252,-0.0235682298564,-0.00125918347319,True,ADJUSTED_CLOSE_ONLY_OHLCV_UNAVAILABLE
2024-10-17,,,,42,42,,,,,2.86920428276,2.86920428276,,0.00166944179143,0.00177124235945,-0.0349264807393,0.140374637847,0.394831611455,0.00333888358286,-0.00156764122342,True,ADJUSTED_CLOSE_ONLY_OHLCV_UNAVAILABLE
2024-10-18,,,,42.9700012207,42.9700012207,,,,,3.00489664078,3.00489664078,,0.0230952671596,0.0472926793091,-0.0124108738603,0.155107536006,0.398916013725,0.0461905343192,0.00110214498993,True,ADJUSTED_CLOSE_ONLY_OHLCV_UNAVAILABLE
2024-10-21,,,,42.7000007629,42.7000007629,,,,,2.96114516258,2.96114516258,,-0.00628346404686,-0.0145600609357,-0.0161290492702,0.125164687866,0.398855286811,-0.0125669280937,-0.00199313284198,True,ADJUSTED_CLOSE_ONLY_OHLCV_UNAVAILABLE
2024-10-22,,,,42.9399986267,42.9399986267,,,,,2.99601984024,2.99601984024,,0.00562055877006,0.0117774292523,0.0120197576683,0.163685551519,0.378330625013,0.0112411175401,0.00053631171218,True,ADJUSTED_CLOSE_ONLY_OHLCV_UNAVAILABLE
2024-10-23,,,,42.5900001526,42.5900001526,,,,,2.95226860046,2.95226860046,,-0.0081508729696,-0.0146031208435,0.0157405161605,0.147359950919,0.382569090956,-0.0163017459392,0.00169862509568,True,ADJUSTED_CLOSE_ONLY_OHLCV_UNAVAILABLE
2024-10-24,,,,43.5600013733,43.5600013733,,,,,3.08035254478,3.08035254478,,0.0227753279462,0.0433849224629,0.0371428898403,0.174124074525,0.385281640966,0.0455506558924,-0.0021657334295,True,ADJUSTED_CLOSE_ONLY_OHLCV_UNAVAILABLE
2024-10-25,,,,44.8600006104,44.8600006104,,,,,3.26550269127,3.26550269127,,0.0298438750247,0.0601068039429,0.0439841595522,0.217698165704,0.388016446592,0.0596877500494,0.000419053893486,True,ADJUSTED_CLOSE_ONLY_OHLCV_UNAVAILABLE
2024-10-28,,,,44.9700012207,44.9700012207,,,,,3.28325724602,3.28325724602,,0.0024520866887,0.00543700508838,0.0531616022765,0.208870975764,0.38898623928,0.00490417337739,0.000532831710983,True,ADJUSTED_CLOSE_ONLY_OHLCV_UNAVAILABLE
2024-10-29,,,,44.9300003052,44.9300003052,,,,,3.27184391022,3.27184391022,,-0.000889502211286,-0.00347622344061,0.0463437760156,0.232309419457,0.375350480927,-0.00177900442257,-0.00169721901804,True,ADJUSTED_CLOSE_ONLY_OHLCV_UNAVAILABLE
2024-10-30,,,,43.6899986267,43.6899986267,,,,,3.09557032585,3.09557032585,,-0.0275985237045,-0.0538759149895,0.0258276231552,0.165377345176,0.392781487816,-0.0551970474091,0.00132113241953,True,ADJUSTED_CLOSE_ONLY_OHLCV_UNAVAILABLE
2024-10-31,,,,41.5600013733,41.5600013733,,,,,2.78550624847,2.78550624847,,-0.0487525136271,-0.10016379689,-0.0459136808298,0.0591233332209,0.413559616891,-0.0975050272543,-0.00265876963575,True,ADJUSTED_CLOSE_ONLY_OHLCV_UNAVAILABLE
2024-11-01,,,,41.9199981689,41.9199981689,,,,,2.83813428879,2.83813428879,,0.00866209778053,0.018893528005,-0.0655372804593,0.0477380636726,0.409596447121,0.0173241955611,0.00156933244397,True,ADJUSTED_CLOSE_ONLY_OHLCV_UNAVAILABLE
2024-11-04,,,,41.4099998474,41.4099998474,,,,,2.77155613899,2.77155613899,,-0.012165991026,-0.02345842128,-0.0791639154248,0.064798161412,0.397569427602,-0.024331982052,0.000873560772018,True,ADJUSTED_CLOSE_ONLY_OHLCV_UNAVAILABLE
2024-11-05,,,,51.1300010681,51.1300010681,,,,,4.07458686829,4.07458686829,,0.234725941959,0.470144086552,0.137992448716,0.233534381834,0.892756320173,0.469451883918,0.000692202634022,True,ADJUSTED_CLOSE_ONLY_OHLCV_UNAVAILABLE
2024-11-06,,,,55.5299987793,55.5299987793,,,,,4.78095054626,4.78095054626,,0.0860551069678,0.173358355292,0.271000240896,0.287502838027,0.926131885573,0.172110213936,0.00124814135587,True,ADJUSTED_CLOSE_ONLY_OHLCV_UNAVAILABLE
2024-11-07,,,,55.8800010681,55.8800010681,,,,,4.81836080551,4.81836080551,,0.00630294068994,0.00782485802453,0.344562060193,0.284007363978,0.926383693231,0.0126058813799,-0.00478102335535,True,ADJUSTED_CLOSE_ONLY_OHLCV_UNAVAILABLE
2024-11-08,,,,58.3899993896,58.3899993896,,,,,5.25967931747,5.25967931747,,0.0449176498489,0.0915910056918,0.392891267655,0.341990384788,0.93102070804,0.0898352996978,0.00175570599405,True,ADJUSTED_CLOSE_ONLY_OHLCV_UNAVAILABLE
2024-11-11,,,,60.2400016785,60.2400016785,,,,,5.59066772461,5.59066772461,,0.0316835469799,0.0629293892567,0.454721127758,0.388018423053,0.929772974145,0.0633670939598,-0.000437704703056,True,ADJUSTED_CLOSE_ONLY_OHLCV_UNAVAILABLE
2024-11-12,,,,59.8499984741,59.8499984741,,,,,5.52535772324,5.52535772324,,-0.00647415659826,-0.0116819679849,0.170545613609,0.410558520944,0.922314667251,-0.0129483131965,0.00126634521158,True,ADJUSTED_CLOSE_ONLY_OHLCV_UNAVAILABLE
2024-11-13,,,,60.7000007629,60.7000007629,,,,,5.67753648758,5.67753648758,,0.0142022107016,0.0275418845197,0.0931028650692,0.447650854308,0.915478497136,0.0284044214031,-0.000862536883474,True,ADJUSTED_CLOSE_ONLY_OHLCV_UNAVAILABLE
2024-11-14,,,,59.1800003052,59.1800003052,,,,,5.37761735916,5.37761735916,,-0.0250411933881,-0.0528255748024,0.0590551033283,0.409047626314,0.927436356247,-0.0500823867762,-0.00274318802616,True,ADJUSTED_CLOSE_ONLY_OHLCV_UNAVAILABLE
2024-11-15,,,,65.7699966431,65.7699966431,,,,,6.59441375732,6.59441375732,,0.111355125108,0.226270542676,0.126391459677,0.530602624497,0.984106284861,0.222710250217,0.00356029245973,True,ADJUSTED_CLOSE_ONLY_OHLCV_UNAVAILABLE
2024-11-18,,,,61.2599983215,61.2599983215,,,,,5.68324327469,5.68324327469,,-0.0685722753797,-0.138173083487,0.0169322147186,0.434660356604,1.03247489807,-0.137144550759,-0.00102853272704,True,ADJUSTED_CLOSE_ONLY_OHLCV_UNAVAILABLE
2024-11-19,,,,62.9799995422,62.9799995422,,,,,5.98760080338,5.98760080338,,0.028077069341,0.0535534929575,0.052297429372,0.466697753993,1.0313896086,0.056154138682,-0.00260064572455,True,ADJUSTED_CLOSE_ONLY_OHLCV_UNAVAILABLE
2024-11-20,,,,62.1199989319,62.1199989319,,,,,5.83542203903,5.83542203903,,-0.0136551384027,-0.0254156496635,0.0233937092438,0.458558316725,1.03364762022,-0.0273102768054,0.00189462714195,True,ADJUSTED_CLOSE_ONLY_OHLCV_UNAVAILABLE
2024-11-21,,,,61.3600006104,61.3600006104,,,,,5.68894958496,5.68894958496,,-0.0122343582518,-0.0251005759466,0.0368367741456,0.408631741871,1.04025232473,-0.0244687165036,-0.000631859443005,True,ADJUSTED_CLOSE_ONLY_OHLCV_UNAVAILABLE
2024-11-22,,,,64.3499984741,64.3499984741,,,,,6.23742818832,6.23742818832,,0.0487287782599,0.0964112258637,-0.0215903640174,0.434462719541,1.04497764396,0.0974575565198,-0.00104633065608,True,ADJUSTED_CLOSE_ONLY_OHLCV_UNAVAILABLE
2024-11-25,,,,64.6500015259,64.6500015259,,,,,6.29893350601,6.29893350601,,0.00466205219692,0.00986068549905,0.0553379578392,0.437625078296,1.04451227944,0.00932410439383,0.000536581105221,True,ADJUSTED_CLOSE_ONLY_OHLCV_UNAVAILABLE
2024-11-26,,,,65.7399978638,65.7399978638,,,,,6.51388645172,6.51388645172,,0.0168599584248,0.0341252920838,0.0438234096792,0.46316486573,1.04165550272,0.0337199168496,0.000405375234189,True,ADJUSTED_CLOSE_ONLY_OHLCV_UNAVAILABLE
2024-11-27,,,,66.0500030518,66.0500030518,,,,,6.56968450546,6.56968450546,,0.00471562516066,0.00856601571965,0.0632647164753,0.511787711785,1.0278478496,0.00943125032132,-0.000865234601675,True,ADJUSTED_CLOSE_ONLY_OHLCV_UNAVAILABLE
2024-11-29,,,,67.0800018311,67.0800018311,,,,,6.75483608246,6.75483608246,,0.0155942275807,0.0281827197093,0.0932203579499,0.614051963775,0.993315687335,0.0311884551615,-0.00300573545218,True,ADJUSTED_CLOSE_ONLY_OHLCV_UNAVAILABLE
2024-12-02,,,,66.3899993896,66.3899993896,,,,,6.6153383255,6.6153383255,,-0.0102862615172,-0.0206515384319,0.0317016466807,0.583730970648,0.999937140665,-0.0205725230343,-7.90153975564e-05,True,ADJUSTED_CLOSE_ONLY_OHLCV_UNAVAILABLE
2024-12-03,,,,70.9599990845,70.9599990845,,,,,7.5417265892,7.5417265892,,0.0688356640584,0.140036415089,0.0976024347976,0.713595734024,1.00137286078,0.137671328117,0.00236508697193,True,ADJUSTED_CLOSE_ONLY_OHLCV_UNAVAILABLE
2024-12-04,,,,69.8499984741,69.8499984741,,,,,7.30014276505,7.30014276505,,-0.0156426243612,-0.0320329597341,0.0625190256146,0.36612550391,0.653010262678,-0.0312852487225,-0.000747711011667,True,ADJUSTED_CLOSE_ONLY_OHLCV_UNAVAILABLE
2024-12-05,,,,71.8700027466,71.8700027466,,,,,7.72180509567,7.72180509567,,0.0289191741816,0.0577608334794,0.0881150556536,0.294255435377,0.601783622354,0.0578383483633,-7.75148839198e-05,True,ADJUSTED_CLOSE_ONLY_OHLCV_UNAVAILABLE
2024-12-06,,,,76.3399963379,76.3399963379,,,,,8.66721630096,8.66721630096,,0.0621955394529,0.122433963766,0.138044040758,0.366141640635,0.624993304604,0.124391078906,-0.00195711513989,True,ADJUSTED_CLOSE_ONLY_OHLCV_UNAVAILABLE
2024-12-09,,,,72.4599990845,72.4599990845,,,,,7.79726028442,7.79726028442,,-0.0508252218961,-0.100373174769,0.0914294283872,0.240965916114,0.658632923746,-0.101650443792,0.00127726902277,True,ADJUSTED_CLOSE_ONLY_OHLCV_UNAVAILABLE
2024-12-10,,,,70.8899993896,70.8899993896,,,,,7.45549249649,7.45549249649,,-0.0216671227527,-0.0438317787872,-0.000986466963463,0.176792785764,0.664316294019,-0.0433342455054,-0.000497533281822,True,ADJUSTED_CLOSE_ONLY_OHLCV_UNAVAILABLE
2024-12-11,,,,72.5100021362,72.5100021362,,,,,7.78711509705,7.78711509705,,0.0228523453312,0.0444803077344,0.038081656696,0.211528888636,0.663419029472,0.0457046906624,-0.00122438292803,True,ADJUSTED_CLOSE_ONLY_OHLCV_UNAVAILABLE
2024-12-12,,,,73.1999969482,73.1999969482,,,,,7.93675851822,7.93675851822,,0.00951585700846,0.0192167984303,0.0185055537892,0.205930741815,0.663276369521,0.0190317140169,0.000185084413325,True,ADJUSTED_CLOSE_ONLY_OHLCV_UNAVAILABLE
2024-12-13,,,,76.0699996948,76.0699996948,,,,,8.54800891876,8.54800891876,,0.0392076894294,0.0770151188473,-0.00353676520852,0.285400461348,0.657155420266,0.0784153788589,-0.00140026001153,True,ADJUSTED_CLOSE_ONLY_OHLCV_UNAVAILABLE
2024-12-16,,,,75.75,75.75,,,,,8.47128582001,8.47128582001,,-0.00420664777321,-0.00897555202434,0.0454043742354,0.151740974096,0.547670837146,-0.00841329554642,-0.000562256477924,True,ADJUSTED_CLOSE_ONLY_OHLCV_UNAVAILABLE
2024-12-17,,,,74.3899993896,74.3899993896,,,,,8.16692829132,8.16692829132,,-0.017953803437,-0.0359281383197,0.0493722673175,0.21433237721,0.479455062011,-0.035907606874,-2.05314456827e-05,True,ADJUSTED_CLOSE_ONLY_OHLCV_UNAVAILABLE
2024-12-18,,,,71.5100021362,71.5100021362,,,,,7.52270460129,7.52270460129,,-0.0387148444287,-0.0788820064353,-0.0137912008073,0.135439864338,0.50436789739,-0.0774296888573,-0.00145231757803,True,ADJUSTED_CLOSE_ONLY_OHLCV_UNAVAILABLE
2024-12-19,,,,74.2099990845,74.2099990845,,,,,8.12190818787,8.12190818787,,0.0377569132651,0.0796526805633,0.0137978439664,0.194623315526,0.50964075798,0.0755138265301,0.00413885403316,True,ADJUSTED_CLOSE_ONLY_OHLCV_UNAVAILABLE
2024-12-20,,,,80.5500030518,80.5500030518,,,,,9.49785804749,9.49785804749,,0.0854332845371,0.169412141555,0.0588931691193,0.312744495608,0.569064739575,0.170866569074,-0.00145442751934,True,ADJUSTED_CLOSE_ONLY_OHLCV_UNAVAILABLE
2024-12-23,,,,80.6900024414,80.6900024414,,,,,9.50356483459,9.50356483459,,0.00173804325691,0.000600849905404,0.0652145536819,0.253923921597,0.555644428047,0.00347608651383,-0.00287523660842,True,ADJUSTED_CLOSE_ONLY_OHLCV_UNAVAILABLE
2024-12-24,,,,82.3799972534,82.3799972534,,,,,9.90620422363,9.90620422363,,0.0209442900096,0.0423671954731,0.107406881695,0.274245867116,0.55581798304,0.0418885800193,0.000478615453762,True,ADJUSTED_CLOSE_ONLY_OHLCV_UNAVAILABLE
2024-12-26,,,,82.1399993896,82.1399993896,,,,,9.83582210541,9.83582210541,,-0.0029133026435,-0.0071048523366,0.148650495537,0.249467630952,0.558311217573,-0.00582660528699,-0.00127824704961,True,ADJUSTED_CLOSE_ONLY_OHLCV_UNAVAILABLE
2024-12-27,,,,79.0800018311,79.0800018311,,,,,9.10219287872,9.10219287872,,-0.0372534402402,-0.0745874842817,0.0656246167183,0.197274764228,0.584605948469,-0.0745068804804,-8.0603801253e-05,True,ADJUSTED_CLOSE_ONLY_OHLCV_UNAVAILABLE
2024-12-30,,,,77.1800003052,77.1800003052,,,,,8.64121818542,8.64121818542,,-0.0240263212176,-0.0506443556449,-0.0418374006071,0.150566460919,0.596090575186,-0.0480526424351,-0.00259171320974,True,ADJUSTED_CLOSE_ONLY_OHLCV_UNAVAILABLE
2024-12-31,,,,75.6299972534,75.6299972534,,,,,8.31783771515,8.31783771515,,-0.0200829624984,-0.0374230187616,-0.0627091961196,0.139177556089,0.601004309672,-0.0401659249969,0.0027429062353,True,ADJUSTED_CLOSE_ONLY_OHLCV_UNAVAILABLE
2025-01-02,,,,75.1900024414,75.1900024414,,,,,8.21638679504,8.21638679504,,-0.00581772878475,-0.0121967900288,-0.0872784055806,0.0596110965545,0.556221993515,-0.0116354575695,-0.000561332459262,True,ADJUSTED_CLOSE_ONLY_OHLCV_UNAVAILABLE
2025-01-03,,,,79.8899993896,79.8899993896,,,,,9.21696186066,9.21696186066,,0.0625082696587,0.121777989592,-0.0273922573255,0.143736594629,0.588821310372,0.125016539317,-0.00323854972505,True,ADJUSTED_CLOSE_ONLY_OHLCV_UNAVAILABLE
2025-01-06,,,,75.9199981689,75.9199981689,,,,,8.31530284882,8.31530284882,,-0.0496933439859,-0.0978260543411,-0.0399595800321,0.0563516803616,0.616168014382,-0.0993866879718,0.00156063363066,True,ADJUSTED_CLOSE_ONLY_OHLCV_UNAVAILABLE
2025-01-07,,,,69.9899978638,69.9899978638,,,,,7.01607656479,7.01607656479,,-0.0781085412039,-0.156245215316,-0.0931588807071,-0.0831804922549,0.639578208578,-0.156217082408,-2.81329078189e-05,True,ADJUSTED_CLOSE_ONLY_OHLCV_UNAVAILABLE
2025-01-08,,,,68.2300033569,68.2300033569,,,,,6.66035842896,6.66035842896,,-0.0251463717753,-0.0507004352859,-0.0978446934447,-0.0583769773804,0.620626271417,-0.0502927435506,-0.000407691735231,True,ADJUSTED_CLOSE_ONLY_OHLCV_UNAVAILABLE
2025-01-10,,,,67.2600021362,67.2600021362,,,,,6.45808696747,6.45808696747,,-0.0142166374466,-0.0303694558851,-0.105466153048,-0.051206055645,0.618097979535,-0.0284332748931,-0.00193618099194,True,ADJUSTED_CLOSE_ONLY_OHLCV_UNAVAILABLE
2025-01-13,,,,64.9800033569,64.9800033569,,,,,6.01042747498,6.01042747498,,-0.0338982858591,-0.0693176624514,-0.186631570242,-0.103847725244,0.620765613849,-0.0677965717182,-0.00152109073321,True,ADJUSTED_CLOSE_ONLY_OHLCV_UNAVAILABLE
2025-01-14,,,,65.9100036621,65.9100036621,,,,,6.18353128433,6.18353128433,,0.0143120999866,0.0288005820014,-0.131849245894,-0.0995900763669,0.622458300284,0.0286241999733,0.000176382028177,True,ADJUSTED_CLOSE_ONLY_OHLCV_UNAVAILABLE
2025-01-15,,,,68.1399993896,68.1399993896,,,,,6.60646152496,6.60646152496,,0.03383394938,0.0683962320532,-0.0264323264836,-0.104246093558,0.617727215707,0.06766789876,0.000728333293161,True,ADJUSTED_CLOSE_ONLY_OHLCV_UNAVAILABLE
2025-01-16,,,,69.2399978638,69.2399978638,,,,,6.81760978699,6.81760978699,,0.0161432122685,0.0319608706152,0.0148027913989,-0.0859406222605,0.622183036089,0.032286424537,-0.000325553921716,True,ADJUSTED_CLOSE_ONLY_OHLCV_UNAVAILABLE
2025-01-17,,,,71.7699966431,71.7699966431,,,,,7.31155633926,7.31155633926,,0.0365395559988,0.0724515728693,0.0670531424858,-0.0352198248162,0.635615676957,0.0730791119975,-0.000627539128174,True,ADJUSTED_CLOSE_ONLY_OHLCV_UNAVAILABLE
2025-01-21,,,,73.0699996948,73.0699996948,,,,,7.56709003448,7.56709003448,,0.0181134612312,0.0349492889563,0.124499783317,0.0218150959585,0.622812388699,0.0362269224624,-0.00127763350614,True,ADJUSTED_CLOSE_ONLY_OHLCV_UNAVAILABLE
2025-01-22,,,,76.8700027466,76.8700027466,,,,,8.3419342041,8.3419342041,,0.0520049687646,0.102396583903,0.166287338424,0.0358442756357,0.63564131367,0.104009937529,-0.00161335362631,True,ADJUSTED_CLOSE_ONLY_OHLCV_UNAVAILABLE
2025-01-23,,,,78.9800033569,78.9800033569,,,,,8.8136882782,8.8136882782,,0.0274489467277,0.0565521211933,0.15908429798,-0.0194909948522,0.56468987938,0.0548978934555,0.00165422773781,True,ADJUSTED_CLOSE_ONLY_OHLCV_UNAVAILABLE
2025-01-24,,,,78.9800033569,78.9800033569,,,,,8.80227470398,8.80227470398,,0,-0.00129498274258,0.140670216546,-0.0211922051398,0.564637176157,0,-0.00129498274258,True,ADJUSTED_CLOSE_ONLY_OHLCV_UNAVAILABLE
2025-01-27,,,,75.4400024414,75.4400024414,,,,,8.01982212067,8.01982212067,,-0.0448214834776,-0.0888920886506,0.0511356551484,-0.0842436883151,0.579622411119,-0.0896429669553,0.000750878304705,True,ADJUSTED_CLOSE_ONLY_OHLCV_UNAVAILABLE
2025-01-28,,,,80.2300033569,80.2300033569,,,,,9.03434753418,9.03434753418,,0.0634941776314,0.126502233871,0.097988280991,-0.0232529345862,0.62690345927,0.126988355263,-0.000486121391684,True,ADJUSTED_CLOSE_ONLY_OHLCV_UNAVAILABLE
2025-01-29,,,,79.7600021362,79.7600021362,,,,,8.91070175171,8.91070175171,,-0.00585817276627,-0.0136861884052,0.0375959319161,0.00859889086281,0.612179285063,-0.0117163455325,-0.00196984287265,True,ADJUSTED_CLOSE_ONLY_OHLCV_UNAVAILABLE
2025-01-30,,,,81.2200012207,81.2200012207,,,,,9.23534965515,9.23534965515,,0.0183049027754,0.0364334832978,0.0283615822811,0.052345178797,0.607525126005,0.0366098055509,-0.000176322253103,True,ADJUSTED_CLOSE_ONLY_OHLCV_UNAVAILABLE
2025-01-31,,,,82.4899978638,82.4899978638,,,,,9.52956199646,9.52956199646,,0.0156365011571,0.0318571956985,0.0444415593523,0.0907047581579,0.602537889112,0.0312730023142,0.000584193384358,True,ADJUSTED_CLOSE_ONLY_OHLCV_UNAVAILABLE
2025-02-03,,,,83.7399978638,83.7399978638,,,,,9.84818649292,9.84818649292,,0.0151533523139,0.0334353768388,0.110021144668,0.113711865205,0.602124395713,0.0303067046277,0.00312867221102,True,ADJUSTED_CLOSE_ONLY_OHLCV_UNAVAILABLE
2025-02-04,,,,103.830001831,103.830001831,,,,,14.5007362366,14.5007362366,,0.239909296391,0.472427055174,0.294154275043,0.299662068148,1.01222252228,0.479818592782,-0.00739153760832,True,ADJUSTED_CLOSE_ONLY_OHLCV_UNAVAILABLE
2025-02-05,,,,101.36000061,101.36000061,,,,,13.8114919662,13.8114919662,,-0.0237888970157,-0.0475316741909,0.270812410928,0.335089608206,0.99429607814,-0.0475777940315,4.61198405965e-05,True,ADJUSTED_CLOSE_ONLY_OHLCV_UNAVAILABLE
2025-02-06,,,,111.279998779,111.279998779,,,,,16.5044231415,16.5044231415,,0.0978689631927,0.194977572431,0.370105849628,0.58994145129,0.968679765007,0.195737926385,-0.000760353954179,True,ADJUSTED_CLOSE_ONLY_OHLCV_UNAVAILABLE
2025-02-07,,,,110.849998474,110.849998474,,,,,16.3446369171,16.3446369171,,-0.00386412931248,-0.00968141830802,0.343799264696,0.624651810351,0.956926681109,-0.00772825862496,-0.00195315968306,True,ADJUSTED_CLOSE_ONLY_OHLCV_UNAVAILABLE
2025-02-10,,,,116.650001526,116.650001526,,,,,18.0750350952,18.0750350952,,0.0523229872043,0.105869477975,0.393002203268,0.734314567663,0.948844904142,0.104645974409,0.00122350356609,True,ADJUSTED_CLOSE_ONLY_OHLCV_UNAVAILABLE
2025-02-11,,,,112.620002747,112.620002747,,,,,16.8214626312,16.8214626312,,-0.0345477816252,-0.069353805256,0.0846576207311,0.733148613858,0.949422589421,-0.0690955632504,-0.000258242005593,True,ADJUSTED_CLOSE_ONLY_OHLCV_UNAVAILABLE
2025-02-12,,,,117.38999939,117.38999939,,,,,18.2836475372,18.2836475372,,0.0423547906831,0.0869237674548,0.158149158275,0.781064980537,0.948725837706,0.0847095813663,0.00221418608849,True,ADJUSTED_CLOSE_ONLY_OHLCV_UNAVAILABLE
2025-02-13,,,,117.910003662,117.910003662,,,,,18.4231452942,18.4231452942,,0.00442971526676,0.00762964592672,0.0595794837845,0.730408052807,0.95321458527,0.00885943053351,-0.0012297846068,True,ADJUSTED_CLOSE_ONLY_OHLCV_UNAVAILABLE
2025-02-14,,,,119.160003662,119.160003662,,,,,18.7674484253,18.7674484253,,0.0106013057516,0.0186886183442,0.0749662183345,0.720970643248,0.95443457807,0.0212026115033,-0.00251399315906,True,ADJUSTED_CLOSE_ONLY_OHLCV_UNAVAILABLE
2025-02-18,,,,124.620002747,124.620002747,,,,,20.4991168976,20.4991168976,,0.0458207361251,0.0922697871894,0.0683240558633,0.736380222593,0.955965953119,0.0916414722503,0.000628314939124,True,ADJUSTED_CLOSE_ONLY_OHLCV_UNAVAILABLE
2025-02-19,,,,112.059997559,112.059997559,,,,,16.4042396545,16.4042396545,,-0.100786430037,-0.199758714656,-0.00497251975076,0.533597892796,1.06207548411,-0.201572860073,0.00181414541746,True,ADJUSTED_CLOSE_ONLY_OHLCV_UNAVAILABLE
2025-02-20,,,,106.269996643,106.269996643,,,,,14.6782779694,14.6782779694,,-0.0516687581802,-0.105214366623,-0.0947270023375,0.382463807025,1.08870230056,-0.10333751636,-0.0018768502624,True,ADJUSTED_CLOSE_ONLY_OHLCV_UNAVAILABLE
2025-02-21,,,,101.349998474,101.349998474,,,,,13.313741684,13.313741684,,-0.0462971518242,-0.0929629680163,-0.140446142597,0.283236188483,1.11179897264,-0.0925943036485,-0.00036866436785,True,ADJUSTED_CLOSE_ONLY_OHLCV_UNAVAILABLE
2025-02-24,,,,90.6800003052,90.6800003052,,,,,10.5022382736,10.5022382736,,-0.105278720568,-0.211173047899,-0.239006398806,0.148138724373,1.19031060373,-0.210557441136,-0.000615606762401,True,ADJUSTED_CLOSE_ONLY_OHLCV_UNAVAILABLE
2025-02-25,,,,87.8399963379,87.8399963379,,,,,9.7952413559,9.7952413559,,-0.0313189673327,-0.0673186895312,-0.295137262061,0.16436894877,1.18308844903,-0.0626379346654,-0.00468075486585,True,ADJUSTED_CLOSE_ONLY_OHLCV_UNAVAILABLE
2025-02-26,,,,89.3099975586,89.3099975586,,,,,10.1515932083,10.1515932083,,0.0167349872722,0.0363800992206,-0.203016245722,0.113174545952,1.16664048602,0.0334699745444,0.00291012467621,True,ADJUSTED_CLOSE_ONLY_OHLCV_UNAVAILABLE
2025-02-27,,,,84.7699966431,84.7699966431,,,,,9.12565517426,9.12565517426,,-0.0508341847457,-0.101061775527,-0.20231486477,0.0628133697675,1.18440554241,-0.101668369491,0.000606593964535,True,ADJUSTED_CLOSE_ONLY_OHLCV_UNAVAILABLE
2025-02-28,,,,84.9199981689,84.9199981689,,,,,9.15672397614,9.15672397614,,0.00176951199503,0.00340455575919,-0.162111500272,0.0455552436916,1.18349547903,0.00353902399007,-0.000134468230879,True,ADJUSTED_CLOSE_ONLY_OHLCV_UNAVAILABLE
2025-03-03,,,,83.4199981689,83.4199981689,,,,,8.84919643402,8.84919643402,,-0.0176636838477,-0.0335848872278,-0.0800617789126,0.0112740978211,1.1853196847,-0.0353273676953,0.00174248046755,True,ADJUSTED_CLOSE_ONLY_OHLCV_UNAVAILABLE
2025-03-04,,,,84.4000015259,84.4000015259,,,,,9.02293395996,9.02293395996,,0.0117478228056,0.0196331415214,-0.0391620555035,0.00788158202706,1.18491988744,0.0234956456112,-0.00386250408982,True,ADJUSTED_CLOSE_ONLY_OHLCV_UNAVAILABLE
2025-03-05,,,,90.1299972534,90.1299972534,,,,,10.2777748108,10.2777748108,,0.0678909434117,0.139072374507,0.00918149946523,-0.13194649269,0.833837564927,0.135781886823,0.00329048768347,True,ADJUSTED_CLOSE_ONLY_OHLCV_UNAVAILABLE
2025-03-06,,,,80.4599990845,80.4599990845,,,,,8.06357288361,8.06357288361,,-0.107289453718,-0.215435925378,-0.0508434319839,-0.206195751776,0.907274316475,-0.214578907436,-0.0008570179411,True,ADJUSTED_CLOSE_ONLY_OHLCV_UNAVAILABLE
2025-03-07,,,,84.9100036621,84.9100036621,,,,,8.93543052673,8.93543052673,,0.0553070423598,0.108122994076,-0.000117693205976,-0.236969764616,0.851057599593,0.11061408472,-0.00249109064342,True,ADJUSTED_CLOSE_ONLY_OHLCV_UNAVAILABLE
2025-03-10,,,,76.3799972534,76.3799972534,,,,,7.14225721359,7.14225721359,,-0.100459381001,-0.200681243928,-0.0843922449059,-0.310960773073,0.906060434438,-0.200918762002,0.000237518073653,True,ADJUSTED_CLOSE_ONLY_OHLCV_UNAVAILABLE
2025-03-11,,,,78.0500030518,78.0500030518,,,,,7.45485782623,7.45485782623,,0.0218644390991,0.0437677618282,-0.0752369473853,-0.330904397507,0.881328340196,0.0437288781983,3.88836299368e-05,True,ADJUSTED_CLOSE_ONLY_OHLCV_UNAVAILABLE
2025-03-12,,,,83.6500015259,83.6500015259,,,,,8.51440238953,8.51440238953,,0.0717488565684,0.142128071117,-0.0718961047932,-0.257236729836,0.934624195788,0.143497713137,-0.0013696420198,True,ADJUSTED_CLOSE_ONLY_OHLCV_UNAVAILABLE
2025-03-13,,,,79.6200027466,79.6200027466,,,,,7.68566274643,7.68566274643,,-0.048176912203,-0.0973338591698,-0.0104399247756,-0.321747992499,0.918531194129,-0.0963538244061,-0.000980034763681,True,ADJUSTED_CLOSE_ONLY_OHLCV_UNAVAILABLE
2025-03-14,,,,86.2399978638,86.2399978638,,,,,8.96079444885,8.96079444885,,0.083144874263,0.165910441883,0.0156635748946,-0.2685947317,0.983744822485,0.166289748526,-0.000379306643175,True,ADJUSTED_CLOSE_ONLY_OHLCV_UNAVAILABLE
2025-03-17,,,,87.3499984741,87.3499984741,,,,,9.19096374512,9.19096374512,,0.0128710649101,0.0256862600273,0.143624006483,-0.266952032648,0.984519857826,0.0257421298202,-5.58697928761e-05,True,ADJUSTED_CLOSE_ONLY_OHLCV_UNAVAILABLE
2025-03-18,,,,83.8899993896,83.8899993896,,,,,8.45923805237,8.45923805237,,-0.0396107515159,-0.0796135979905,0.074823781032,-0.326833593799,0.962657967035,-0.0792215030318,-0.0003920949587,True,ADJUSTED_CLOSE_ONLY_OHLCV_UNAVAILABLE
2025-03-19,,,,86.0999984741,86.0999984741,,,,,8.89484977722,8.89484977722,,0.0263440112117,0.0514953855367,0.0292886659121,-0.231661606729,0.922252416425,0.0526880224235,-0.00119263688674,True,ADJUSTED_CLOSE_ONLY_OHLCV_UNAVAILABLE
2025-03-20,,,,87.3899993896,87.3899993896,,,,,9.14974880219,9.14974880219,,0.014982589296,0.0286569229776,0.0975885000632,-0.177660655404,0.914019610877,0.0299651785921,-0.00130825561445,True,ADJUSTED_CLOSE_ONLY_OHLCV_UNAVAILABLE
2025-03-21,,,,90.9599990845,90.9599990845,,,,,9.91571521759,9.91571521759,,0.0408513527836,0.0837144747867,0.0547309988129,-0.102516029068,0.918088292766,0.0817027055672,0.00201176921953,True,ADJUSTED_CLOSE_ONLY_OHLCV_UNAVAILABLE
2025-03-24,,,,96.75,96.75,,,,,11.1635818481,11.1635818481,,0.0636543642679,0.125847364832,0.107613070293,0.0669386818967,0.864630567745,0.127308728536,-0.00146136370414,True,ADJUSTED_CLOSE_ONLY_OHLCV_UNAVAILABLE
2025-03-25,,,,96.5,96.5,,,,,11.1065139771,11.1065139771,,-0.00258397932817,-0.00511196781374,0.150315898225,0.0985883882417,0.854723229726,-0.00516795865633,5.5990842592e-05,True,ADJUSTED_CLOSE_ONLY_OHLCV_UNAVAILABLE
2025-03-26,,,,92.2799987793,92.2799987793,,,,,10.1306676865,10.1306676865,,-0.043730582598,-0.0878625185729,0.0717770083008,0.0332549692296,0.871541306296,-0.0874611651959,-0.000401353376942,True,ADJUSTED_CLOSE_ONLY_OHLCV_UNAVAILABLE
2025-03-27,,,,90.0899963379,90.0899963379,,,,,9.62720966339,9.62720966339,,-0.0237321464063,-0.0496964305466,0.0308959488168,0.0627580500826,0.854442026582,-0.0474642928127,-0.00223213773397,True,ADJUSTED_CLOSE_ONLY_OHLCV_UNAVAILABLE
2025-03-28,,,,85.8499984741,85.8499984741,,,,,8.72491645813,8.72491645813,,-0.047064025265,-0.0937232320485,-0.0561785472931,0.0109514875792,0.873834238746,-0.09412805053,0.000404818481519,True,ADJUSTED_CLOSE_ONLY_OHLCV_UNAVAILABLE
2025-03-31,,,,84.4000015259,84.4000015259,,,,,8.43133926392,8.43133926392,,-0.0168898890392,-0.0336481381366,-0.12764856304,0.0117478228056,0.873607524505,-0.0337797780784,0.000131639941724,True,ADJUSTED_CLOSE_ONLY_OHLCV_UNAVAILABLE
2025-04-01,,,,84.6800003052,84.6800003052,,,,,8.47255420685,8.47255420685,,0.00331752102174,0.00488830322705,-0.12248704347,0.00331752102174,0.872877691145,0.00663504204348,-0.00174673881643,True,ADJUSTED_CLOSE_ONLY_OHLCV_UNAVAILABLE
2025-04-02,,,,87.4499969482,87.4499969482,,,,,9.01849555969,9.01849555969,,0.0327113442735,0.0644364544051,-0.0523407227454,-0.0297348317635,0.845971677643,0.0654226885471,-0.000986234141996,True,ADJUSTED_CLOSE_ONLY_OHLCV_UNAVAILABLE
2025-04-03,,,,83.5999984741,83.5999984741,,,,,8.24048042297,8.24048042297,,-0.0440251413205,-0.0862688384741,-0.0720390512552,0.0390255956423,0.765687934886,-0.0880502826409,0.00178144416681,True,ADJUSTED_CLOSE_ONLY_OHLCV_UNAVAILABLE
2025-04-04,,,,74.0100021362,74.0100021362,,,,,6.33380746841,6.33380746841,,-0.114712876949,-0.231378858597,-0.137914927762,-0.128371229016,0.845409245612,-0.229425753898,-0.00195310469928,True,ADJUSTED_CLOSE_ONLY_OHLCV_UNAVAILABLE
2025-04-07,,,,77.8399963379,77.8399963379,,,,,7.00149154663,7.00149154663,,0.0517496837064,0.105415910027,-0.0777251785473,0.0191149402589,0.789381915681,0.103499367413,0.00191654261385,True,ADJUSTED_CLOSE_ONLY_OHLCV_UNAVAILABLE
2025-04-08,,,,77.3199996948,77.3199996948,,,,,6.896235466,6.896235466,,-0.00668032717794,-0.015033379663,-0.0869154532809,-0.00935302150404,0.786417175024,-0.0133606543559,-0.00167272530708,True,ADJUSTED_CLOSE_ONLY_OHLCV_UNAVAILABLE
2025-04-09,,,,92.0100021362,92.0100021362,,,,,9.50673484802,9.50673484802,,0.189989685714,0.378539769254,0.0521441434776,0.0999402326103,1.00867685973,0.379979371427,-0.00143960217394,True,ADJUSTED_CLOSE_ONLY_OHLCV_UNAVAILABLE
2025-04-10,,,,88.5899963379,88.5899963379,,,,,8.80417728424,8.80417728424,,-0.0371699349955,-0.073901037003,0.0596889707518,0.112660051267,1.00147695637,-0.074339869991,0.000438832987974,True,ADJUSTED_CLOSE_ONLY_OHLCV_UNAVAILABLE
2025-04-11,,,,88.5500030518,88.5500030518,,,,,8.77564430237,8.77564430237,,-0.000451442462874,-0.00324084590205,0.196459944546,0.0267857751068,0.960487709104,-0.000902884925749,-0.0023379609763,True,ADJUSTED_CLOSE_ONLY_OHLCV_UNAVAILABLE
2025-04-14,,,,92.6200027466,92.6200027466,,,,,9.59867668152,9.59867668152,,0.0459627278888,0.0937859775069,0.189876761357,0.0603320476762,0.972114740821,0.0919254557777,0.00186052172921,True,ADJUSTED_CLOSE_ONLY_OHLCV_UNAVAILABLE
2025-04-15,,,,98.4000015259,98.4000015259,,,,,10.7793302536,10.7793302536,,0.0624055129334,0.123001702345,0.27263323738,0.172964623218,0.977945013142,0.124811025867,-0.00180932352224,True,ADJUSTED_CLOSE_ONLY_OHLCV_UNAVAILABLE
2025-04-16,,,,92.7099990845,92.7099990845,,,,,9.55112075806,9.55112075806,,-0.0578252271664,-0.113941169502,0.00760783536561,0.0767712047328,1.00428244045,-0.115650454333,0.00170928483069,True,ADJUSTED_CLOSE_ONLY_OHLCV_UNAVAILABLE
2025-04-17,,,,93.7799987793,93.7799987793,,,,,9.73690605164,9.73690605164,,0.0115413623707,0.0194516746553,0.058584520329,0.0731204878622,1.00392743522,0.0230827247415,-0.00363105008618,True,ADJUSTED_CLOSE_ONLY_OHLCV_UNAVAILABLE
2025-04-21,,,,90.8000030518,90.8000030518,,,,,9.12438583374,9.12438583374,,-0.0317764530425,-0.0629070686979,0.0254093723598,-0.00175897135362,1.00297971987,-0.0635529060851,0.000645837387138,True,ADJUSTED_CLOSE_ONLY_OHLCV_UNAVAILABLE
2025-04-22,,,,93.9899978638,93.9899978638,,,,,9.75592803955,9.75592803955,,0.0351321002731,0.0692147633077,0.0147915685226,-0.0285271538628,0.984566242188,0.0702642005462,-0.00104943723848,True,ADJUSTED_CLOSE_ONLY_OHLCV_UNAVAILABLE
2025-04-23,,,,100.819999695,100.819999695,,,,,11.1566066742,11.1566066742,,0.0726673261654,0.143572054751,0.0245934769453,0.0447668362158,1.01732387339,0.145334652331,-0.00176259757962,True,ADJUSTED_CLOSE_ONLY_OHLCV_UNAVAILABLE
2025-04-24,,,,107.779998779,107.779998779,,,,,12.7037582397,12.7037582397,,0.0690339129691,0.138675818798,0.162549885057,0.167967059006,1.02575927508,0.138067825938,0.000607992859946,True,ADJUSTED_CLOSE_ONLY_OHLCV_UNAVAILABLE
2025-04-25,,,,112.779998779,112.779998779,,,,,13.8945579529,13.8945579529,,0.0463907965915,0.0937360181658,0.202601836717,0.251859289197,1.02563873716,0.092781593183,0.000954424982846,True,ADJUSTED_CLOSE_ONLY_OHLCV_UNAVAILABLE
2025-04-28,,,,114.650001526,114.650001526,,,,,14.3529958725,14.3529958725,,0.0165809786028,0.0329940629397,0.262665172605,0.335468882512,1.00060271329,0.0331619572056,-0.000167894265874,True,ADJUSTED_CLOSE_ONLY_OHLCV_UNAVAILABLE
2025-04-29,,,,116.080001831,116.080001831,,,,,14.6934957504,14.6934957504,,0.0124727456271,0.0237232617465,0.235025050211,0.375355447067,0.993046841843,0.0249454912541,-0.00122222950765,True,ADJUSTED_CLOSE_ONLY_OHLCV_UNAVAILABLE
2025-04-30,,,,118.440002441,118.440002441,,,,,15.3041143417,15.3041143417,,0.0203308112778,0.0415570672684,0.174766939099,0.398677397432,0.991576284179,0.0406616225556,0.000895444712849,True,ADJUSTED_CLOSE_ONLY_OHLCV_UNAVAILABLE
2025-05-01,,,,116.199996948,116.199996948,,,,,14.7042751312,14.7042751312,,-0.0189125755403,-0.0391946372796,0.0781220844712,0.328759302496,0.998818449597,-0.0378251510806,-0.00136948619907,True,ADJUSTED_CLOSE_ONLY_OHLCV_UNAVAILABLE
2025-05-02,,,,124.279998779,124.279998779,,,,,16.7383975983,16.7383975983,,0.0695353015771,0.138335446589,0.101968435223,0.486602883345,0.989395880161,0.139070603154,-0.000735156565522,True,ADJUSTED_CLOSE_ONLY_OHLCV_UNAVAILABLE
2025-05-05,,,,123.769996643,123.769996643,,,,,16.6572341919,16.6572341919,,-0.00410365417798,-0.0048489352637,0.0795464020568,0.672341481834,0.855851968261,-0.00820730835597,0.00335837309227,True,ADJUSTED_CLOSE_ONLY_OHLCV_UNAVAILABLE
2025-05-06,,,,108.86000061,108.86000061,,,,,12.566163063,12.566163063,,-0.120465350546,-0.245603266528,-0.0621984933392,0.398509837254,0.997337109311,-0.240930701092,-0.00467256543515,True,ADJUSTED_CLOSE_ONLY_OHLCV_UNAVAILABLE
2025-05-07,,,,110.480003357,110.480003357,,,,,12.9554872513,12.9554872513,,0.0148815243202,0.0309819462217,-0.0672070155386,0.428867095098,0.992977316183,0.0297630486404,0.00121889758125,True,ADJUSTED_CLOSE_ONLY_OHLCV_UNAVAILABLE
2025-05-08,,,,119.150001526,119.150001526,,,,,14.9781970978,14.9781970978,,0.0784757232577,0.156127655198,0.0253873034003,0.294967924786,0.79955719955,0.156951446515,-0.00082379131685,True,ADJUSTED_CLOSE_ONLY_OHLCV_UNAVAILABLE
2025-05-09,,,,117.300003052,117.300003052,,,,,14.5241975784,14.5241975784,,-0.0155266340783,-0.0303106920268,-0.0561634679441,0.3240772988,0.784653642127,-0.0310532681566,0.000742576129753,True,ADJUSTED_CLOSE_ONLY_OHLCV_UNAVAILABLE
2025-05-12,,,,118.459999084,118.459999084,,,,,14.7917776108,14.7917776108,,0.00988913898155,0.0184230509743,-0.0429021386654,0.337775211766,0.782753633822,0.0197782779631,-0.00135522698877,True,ADJUSTED_CLOSE_ONLY_OHLCV_UNAVAILABLE
2025-05-13,,,,128.100006104,128.100006104,,,,,17.1866912842,17.1866912842,,0.081377740111,0.161908442408,0.176740817429,0.383070635984,0.810438038368,0.162755480222,-0.000847037814352,True,ADJUSTED_CLOSE_ONLY_OHLCV_UNAVAILABLE
2025-05-14,,,,130.179992676,130.179992676,,,,,17.7370700836,17.7370700836,,0.016237209002,0.0320235460298,0.178312714702,0.322967384727,0.792969804819,0.0324744180041,-0.000450871974308,True,ADJUSTED_CLOSE_ONLY_OHLCV_UNAVAILABLE
2025-05-15,,,,128.119995117,128.119995117,,,,,17.1866912842,17.1866912842,,-0.0158242254916,-0.0310298598835,0.0752832016486,0.381943656374,0.754692619584,-0.0316484509832,0.00061859109966,True,ADJUSTED_CLOSE_ONLY_OHLCV_UNAVAILABLE
2025-05-16,,,,129.520004272,129.520004272,,,,,17.553188324,17.553188324,,0.0109273275728,0.0213244675042,0.104177330799,0.381104776694,0.754758952271,0.0218546551456,-0.000530187641396,True,ADJUSTED_CLOSE_ONLY_OHLCV_UNAVAILABLE
2025-05-19,,,,126.330001831,126.330001831,,,,,16.6673812866,16.6673812866,,-0.0246294189019,-0.0504641675919,0.0664359514385,0.391299532876,0.748991323808,-0.0492588378039,-0.00120532978805,True,ADJUSTED_CLOSE_ONLY_OHLCV_UNAVAILABLE
2025-05-20,,,,125.589996338,125.589996338,,,,,16.4961795807,16.4961795807,,-0.00585771774272,-0.0102716619359,-0.0195941424358,0.336205970766,0.750486243333,-0.0117154354854,0.00144377354956,True,ADJUSTED_CLOSE_ONLY_OHLCV_UNAVAILABLE
2025-05-21,,,,120.580001831,120.580001831,,,,,15.1557388306,15.1557388306,,-0.0398916685478,-0.0812576477824,-0.0737439805258,0.195992880342,0.743435615985,-0.0797833370957,-0.00147431068667,True,ADJUSTED_CLOSE_ONLY_OHLCV_UNAVAILABLE
2025-05-22,,,,122.290000916,122.290000916,,,,,15.6021289825,15.6021289825,,0.0141814484865,0.0294535394789,-0.0455041712757,0.134626111529,0.710477333381,0.0283628969731,0.00109064250581,True,ADJUSTED_CLOSE_ONLY_OHLCV_UNAVAILABLE
2025-05-23,,,,123.309997559,123.309997559,,,,,15.8323001862,15.8323001862,,0.00834080166351,0.0147525510058,-0.0479463133803,0.0933676085589,0.695390890699,0.016681603327,-0.00192905232126,True,ADJUSTED_CLOSE_ONLY_OHLCV_UNAVAILABLE
2025-05-27,,,,123.38999939,123.38999939,,,,,15.8405437469,15.8405437469,,0.000648786251226,0.00052067991979,-0.0232724008454,0.0762319908194,0.694292365867,0.00129757250245,-0.000776892582662,True,ADJUSTED_CLOSE_ONLY_OHLCV_UNAVAILABLE
2025-05-28,,,,123.760002136,123.760002136,,,,,15.9324846268,15.9324846268,,0.00299864452883,0.0058041492319,-0.0145711780796,0.0661612696764,0.693682507636,0.00599728905766,-0.000193139825756,True,ADJUSTED_CLOSE_ONLY_OHLCV_UNAVAILABLE
2025-05-29,,,,122.319999695,122.319999695,,,,,15.5659866333,15.5659866333,,-0.0116354429262,-0.0230031914077,0.014430235838,0.0327591791071,0.693061147896,-0.0232708858525,0.000267694444798,True,ADJUSTED_CLOSE_ONLY_OHLCV_UNAVAILABLE
2025-05-30,,,,131.779998779,131.779998779,,,,,17.9501228333,17.9501228333,,0.0773381222047,0.153163192036,0.0776024024264,0.134079193117,0.736416975725,0.154676244409,-0.001513052373,True,ADJUSTED_CLOSE_ONLY_OHLCV_UNAVAILABLE
2025-06-02,,,,132.039993286,132.039993286,,,,,18.0103607178,18.0103607178,,0.00197294361242,0.00335584803965,0.070797144598,0.0624396088112,0.698833585143,0.00394588722483,-0.000590039185182,True,ADJUSTED_CLOSE_ONLY_OHLCV_UNAVAILABLE
2025-06-03,,,,133.169998169,133.169998169,,,,,18.3235931396,18.3235931396,,0.00855805013837,0.0173917905801,0.0792608706352,0.0759473360332,0.698339314073,0.0171161002767,0.000275690303332,True,ADJUSTED_CLOSE_ONLY_OHLCV_UNAVAILABLE
2025-06-04,,,,130.009994507,130.009994507,,,,,17.4549064636,17.4549064636,,-0.0237290959342,-0.0474080967311,0.0505009071002,0.194286182049,0.533538200638,-0.0474581918684,5.00951373392e-05,True,ADJUSTED_CLOSE_ONLY_OHLCV_UNAVAILABLE
2025-06-05,,,,119.910003662,119.910003662,,,,,14.7378807068,14.7378807068,,-0.0776862646833,-0.155659714505,-0.0197023874978,0.08535481552,0.615840948639,-0.155372529367,-0.000287185138312,True,ADJUSTED_CLOSE_ONLY_OHLCV_UNAVAILABLE
2025-06-06,,,,127.720001221,127.720001221,,,,,16.640750885,16.640750885,,0.0651321601207,0.129114233999,-0.0308089057232,0.0719261400342,0.596178252182,0.130264320241,-0.00115008624258,True,ADJUSTED_CLOSE_ONLY_OHLCV_UNAVAILABLE
2025-06-09,,,,132.059997559,132.059997559,,,,,17.742143631,17.742143631,,0.0339805535265,0.0661864812221,0.000151501616768,0.125831151942,0.600401624974,0.0679611070531,-0.00177462583103,True,ADJUSTED_CLOSE_ONLY_OHLCV_UNAVAILABLE
2025-06-10,,,,132.809997559,132.809997559,,,,,17.9647064209,17.9647064209,,0.00567923681558,0.0125443009901,-0.00270331617708,0.121137924912,0.600283227679,0.0113584736312,0.00118582735896,True,ADJUSTED_CLOSE_ONLY_OHLCV_UNAVAILABLE
2025-06-11,,,,136.38999939,136.38999939,,,,,18.9139194489,18.9139194489,,0.0269558158035,0.0528376587802,0.04907318785,0.0647150108598,0.537984853595,0.053911631607,-0.00107397282682,True,ADJUSTED_CLOSE_ONLY_OHLCV_UNAVAILABLE
2025-06-12,,,,135.190002441,135.190002441,,,,,18.5772247314,18.5772247314,,-0.00879827665967,-0.0178014249409,0.12742889094,0.0384852515555,0.537577038007,-0.0175965533193,-0.000204871621576,True,ADJUSTED_CLOSE_ONLY_OHLCV_UNAVAILABLE
2025-06-13,,,,137.399993896,137.399993896,,,,,19.1180953979,19.1180953979,,0.0163472994687,0.0291147183889,0.075790734288,0.0724320881437,0.535209784611,0.0326945989373,-0.00357988054838,True,ADJUSTED_CLOSE_ONLY_OHLCV_UNAVAILABLE
2025-06-16,,,,141.410003662,141.410003662,,,,,20.2740192413,20.2740192413,,0.0291849340885,0.0604622907943,0.0708011985186,0.0918004863916,0.542203259603,0.0583698681769,0.00209242261735,True,ADJUSTED_CLOSE_ONLY_OHLCV_UNAVAILABLE
2025-06-17,,,,138.199996948,138.199996948,,,,,19.3704566956,19.3704566956,,-0.0226999973887,-0.0445675095313,0.0405842895018,0.0939602227906,0.540848555408,-0.0453999947774,0.000832485246093,True,ADJUSTED_CLOSE_ONLY_OHLCV_UNAVAILABLE
2025-06-18,,,,139.960006714,139.960006714,,,,,19.8371391296,19.8371391296,,0.0127352373697,0.0240924848297,0.0261749933294,0.114420023847,0.539900674462,0.0254704747394,-0.00137798990966,True,ADJUSTED_CLOSE_ONLY_OHLCV_UNAVAILABLE
2025-06-20,,,,137.300003052,137.300003052,,,,,19.1098499298,19.1098499298,,-0.0190054553766,-0.0366630084649,0.0156076675216,0.138663136232,0.52112804587,-0.0380109107532,0.00134790228832,True,ADJUSTED_CLOSE_ONLY_OHLCV_UNAVAILABLE
2025-06-23,,,,139.919998169,139.919998169,,,,,19.7813396454,19.7813396454,,0.0190822655423,0.035138408624,0.0183406432635,0.144165484679,0.522309690777,0.0381645310845,-0.00302612246057,True,ADJUSTED_CLOSE_ONLY_OHLCV_UNAVAILABLE
2025-06-24,,,,143.229995728,143.229995728,,,,,20.6868038177,20.6868038177,,0.0236563579325,0.0457736527756,0.0128703204745,0.161544064255,0.525545403443,0.0473127158649,-0.00153906308936,True,ADJUSTED_CLOSE_ONLY_OHLCV_UNAVAILABLE
2025-06-25,,,,142.899993896,142.899993896,,,,,20.6157855988,20.6157855988,,-0.00230399944773,-0.00343302037472,0.0340086617368,0.158116497312,0.526199988977,-0.00460799889546,0.00117497852074,True,ADJUSTED_CLOSE_ONLY_OHLCV_UNAVAILABLE
2025-06-26,,,,144.25,144.25,,,,,21.0120849609,21.0120849609,,0.00944720896555,0.0192231026213,0.0306515653068,0.165562358679,0.525903036092,0.0188944179311,0.000328684690157,True,ADJUSTED_CLOSE_ONLY_OHLCV_UNAVAILABLE
2025-06-27,,,,130.740005493,130.740005493,,,,,17.0503635406,17.0503635406,,-0.093656807673,-0.188544898217,-0.0477785681922,0.0688358879934,0.636018902049,-0.187313615346,-0.00123128287098,True,ADJUSTED_CLOSE_ONLY_OHLCV_UNAVAILABLE
2025-06-30,,,,136.320007324,136.320007324,,,,,18.4986000061,18.4986000061,,0.0426801407114,0.084938744092,-0.0257289228976,0.0344514234859,0.593575809906,0.0853602814228,-0.000421537330798,True,ADJUSTED_CLOSE_ONLY_OHLCV_UNAVAILABLE
2025-07-01,,,,130.679992676,130.679992676,,,,,16.9653987885,16.9653987885,,-0.04137334467,-0.0828820136197,-0.0876213323055,-0.0102999142646,0.613571951592,-0.0827466893399,-0.00013532427977,True,ADJUSTED_CLOSE_ONLY_OHLCV_UNAVAILABLE
2025-07-02,,,,132.119995117,132.119995117,,,,,17.3249206543,17.3249206543,,0.0110193030465,0.0211914774494,-0.0754373634691,-0.00788468173158,0.6140781225,0.022038606093,-0.00084712864361,True,ADJUSTED_CLOSE_ONLY_OHLCV_UNAVAILABLE
2025-07-03,,,,134.36000061,134.36000061,,,,,17.887348175,17.887348175,,0.0169543261879,0.0324634976387,-0.0685615208988,0.0334590130552,0.609901662437,0.0339086523759,-0.00144515473712,True,ADJUSTED_CLOSE_ONLY_OHLCV_UNAVAILABLE
2025-07-07,,,,139.119995117,139.119995117,,,,,19.1383838654,19.1383838654,,0.0354271694345,0.0699396958154,0.0640965983779,0.160203409794,0.541290658983,0.0708543388689,-0.000914643053472,True,ADJUSTED_CLOSE_ONLY_OHLCV_UNAVAILABLE
2025-07-08,,,,139.710006714,139.710006714,,,,,19.29246521,19.29246521,,0.00424102657697,0.00805090678965,0.024867951933,0.093877273556,0.497461540442,0.00848205315394,-0.000431146364289,True,ADJUSTED_CLOSE_ONLY_OHLCV_UNAVAILABLE
2025-07-09,,,,143.130004883,143.130004883,,,,,20.230266571,20.230266571,,0.024479264223,0.0486097215093,0.0952709894767,0.0838255908592,0.49121860635,0.048958528446,-0.000348806936696,True,ADJUSTED_CLOSE_ONLY_OHLCV_UNAVAILABLE
2025-07-10,,,,142.5,142.5,,,,,20.0685768127,20.0685768127,,-0.00440162692182,-0.00799246800495,0.0785649808237,0.0729613931145,0.492200704011,-0.00880325384364,0.000810785838687,True,ADJUSTED_CLOSE_ONLY_OHLCV_UNAVAILABLE
2025-07-11,,,,142.100006104,142.100006104,,,,,19.9354190826,19.9354190826,,-0.00280697471217,-0.00663513568227,0.0576064711075,0.0418652887999,0.485075467077,-0.00561394942434,-0.00102118625792,True,ADJUSTED_CLOSE_ONLY_OHLCV_UNAVAILABLE
2025-07-14,,,,149.149993896,149.149993896,,,,,21.8756999969,21.8756999969,,0.0496128605922,0.0973283233356,0.0720960259584,0.103262010526,0.510652155867,0.0992257211845,-0.00189739784883,True,ADJUSTED_CLOSE_ONLY_OHLCV_UNAVAILABLE
2025-07-15,,,,148.580001831,148.580001831,,,,,21.704498291,21.704498291,,-0.00382160300875,-0.00782611326524,0.0634886170706,0.0813683291936,0.509951758282,-0.0076432060175,-0.000182907247746,True,ADJUSTED_CLOSE_ONLY_OHLCV_UNAVAILABLE
2025-07-16,,,,150.910003662,150.910003662,,,,,22.3893051147,22.3893051147,,0.0156817997196,0.0315513777167,0.0543561693138,0.0671805371189,0.503466583319,0.0313635994392,0.000187778277431,True,ADJUSTED_CLOSE_ONLY_OHLCV_UNAVAILABLE
2025-07-17,,,,153.990005493,153.990005493,,,,,23.3118877411,23.3118877411,,0.0204095272435,0.0412063983949,0.0806316174959,0.114254767682,0.496640017743,0.0408190544869,0.000387343907931,True,ADJUSTED_CLOSE_ONLY_OHLCV_UNAVAILABLE
2025-07-18,,,,153.520004272,153.520004272,,,,,23.1692199707,23.1692199707,,-0.00305215406154,-0.00611995785027,0.0803659231417,0.0968848021443,0.496920989631,-0.00610430812309,-1.56497271844e-05,True,ADJUSTED_CLOSE_ONLY_OHLCV_UNAVAILABLE
2025-07-21,,,,151.789993286,151.789993286,,,,,22.6175727844,22.6175727844,,-0.0112689612961,-0.0238094846083,0.0177002983418,0.105535250636,0.492681358309,-0.0225379225923,-0.00127156201606,True,ADJUSTED_CLOSE_ONLY_OHLCV_UNAVAILABLE
2025-07-22,,,,149.070007324,149.070007324,,,,,21.8376541138,21.8376541138,,-0.0179194023468,-0.0344828633067,0.00329792359083,0.0653945774372,0.496643657423,-0.0358388046936,0.00135594138694,True,ADJUSTED_CLOSE_ONLY_OHLCV_UNAVAILABLE
2025-07-23,,,,154.630004883,154.630004883,,,,,23.4450435638,23.4450435638,,0.0372978955217,0.0736063242736,0.0246504614037,0.0795923304847,0.506200648902,0.0745957910433,-0.000989466769728,True,ADJUSTED_CLOSE_ONLY_OHLCV_UNAVAILABLE
2025-07-24,,,,154.86000061,154.86000061,,,,,23.483089447,23.483089447,,0.00148739390983,0.00162276871336,0.00564968560395,0.0836949420903,0.505720076306,0.00297478781965,-0.00135201910629,True,ADJUSTED_CLOSE_ONLY_OHLCV_UNAVAILABLE
2025-07-25,,,,158.800003052,158.800003052,,,,,24.6719856262,24.6719856262,,0.0254423506772,0.0506277584081,0.0343929040669,0.100866572283,0.510946403675,0.0508847013545,-0.000256942946398,True,ADJUSTED_CLOSE_ONLY_OHLCV_UNAVAILABLE
2025-07-28,,,,157.880004883,157.880004883,,,,,24.3866500854,24.3866500854,,-0.0057934392397,-0.0115651632217,0.0401212982808,0.207587565009,0.357281006929,-0.0115868784794,2.17152576771e-05,True,ADJUSTED_CLOSE_ONLY_OHLCV_UNAVAILABLE
2025-07-29,,,,156.240005493,156.240005493,,,,,23.8540248871,23.8540248871,,-0.0103876319922,-0.0218408513059,0.0480981942488,0.14612673928,0.34165567267,-0.0207752639844,-0.00106558732147,True,ADJUSTED_CLOSE_ONLY_OHLCV_UNAVAILABLE
2025-07-30,,,,158.61000061,158.61000061,,,,,24.5673618317,24.5673618317,,0.0151689390288,0.0299042592584,0.0257388320627,0.213728263697,0.290458136629,0.0303378780576,-0.000433618799214,True,ADJUSTED_CLOSE_ONLY_OHLCV_UNAVAILABLE
2025-07-31,,,,158.350006104,158.350006104,,,,,24.5102958679,24.5102958679,,-0.00163920626591,-0.00232283645823,0.0225365199497,0.198531728396,0.293266469376,-0.00327841253181,0.000955576073583,True,ADJUSTED_CLOSE_ONLY_OHLCV_UNAVAILABLE
2025-08-01,,,,154.270004272,154.270004272,,,,,23.2167758942,23.2167758942,,-0.025765719443,-0.0527745556694,-0.0285264401275,0.148184009911,0.316663839839,-0.0515314388859,-0.00124311678347,True,ADJUSTED_CLOSE_ONLY_OHLCV_UNAVAILABLE
2025-08-04,,,,160.660003662,160.660003662,,,,,25.1190109253,25.1190109253,,0.041420880357,0.0819336431466,0.0176083018325,0.154830429133,0.324390646724,0.0828417607141,-0.000908117567429,True,ADJUSTED_CLOSE_ONLY_OHLCV_UNAVAILABLE
2025-08-05,,,,173.270004272,173.270004272,,,,,29.056634903,29.056634903,,0.0784887359823,0.156758719098,0.108998964289,0.240211838421,0.410402245317,0.156977471965,-0.00021875286647,True,ADJUSTED_CLOSE_ONLY_OHLCV_UNAVAILABLE
2025-08-06,,,,179.539993286,179.539993286,,,,,31.1681175232,31.1681175232,,0.0361862345419,0.0726678305073,0.131958846197,0.254384036619,0.41749476548,0.0723724690837,0.000295361423547,True,ADJUSTED_CLOSE_ONLY_OHLCV_UNAVAILABLE
2025-08-07,,,,182.199996948,182.199996948,,,,,32.0716781616,32.0716781616,,0.01481566092,0.0289899009061,0.150615661038,0.278596469812,0.413205059093,0.02963132184,-0.000641420933911,True,ADJUSTED_CLOSE_ONLY_OHLCV_UNAVAILABLE
2025-08-08,,,,186.960006714,186.960006714,,,,,33.7551574707,33.7551574707,,0.0261251912478,0.0524911512456,0.211901222117,0.315693164557,0.411584082075,0.0522503824956,0.000240768749966,True,ADJUSTED_CLOSE_ONLY_OHLCV_UNAVAILABLE
2025-08-11,,,,182.679992676,182.679992676,,,,,32.1477661133,32.1477661133,,-0.022892671611,-0.0476191337225,0.137059557524,0.224807242048,0.409127514727,-0.0457853432219,-0.00183379050057,True,ADJUSTED_CLOSE_ONLY_OHLCV_UNAVAILABLE
2025-08-12,,,,186.970001221,186.970001221,,,,,33.6410217285,33.6410217285,,0.023483735039,0.0464497473937,0.0790673319699,0.258379316978,0.407930086463,0.046967470078,-0.000517722684249,True,ADJUSTED_CLOSE_ONLY_OHLCV_UNAVAILABLE
2025-08-13,,,,184.369995117,184.369995117,,,,,32.7279510498,32.7279510498,,-0.013906006774,-0.0271415858317,0.0269020943058,0.221721493891,0.417661844337,-0.0278120135481,0.000670427716351,True,ADJUSTED_CLOSE_ONLY_OHLCV_UNAVAILABLE
2025-08-14,,,,181.020004272,181.020004272,,,,,31.5390529633,31.5390529633,,-0.0181699350949,-0.0363266886075,-0.00647635947061,0.17553086444,0.427710414658,-0.0363398701898,1.31815822995e-05,True,ADJUSTED_CLOSE_ONLY_OHLCV_UNAVAILABLE
2025-08-15,,,,177.169998169,177.169998169,,,,,30.1599311829,30.1599311829,,-0.0212684013515,-0.0437274315751,-0.0523641858866,0.154051545325,0.438951224772,-0.042536802703,-0.00119062887215,True,ADJUSTED_CLOSE_ONLY_OHLCV_UNAVAILABLE
2025-08-18,,,,174.029998779,174.029998779,,,,,29.1041927338,29.1041927338,,-0.0177230875549,-0.0350046703587,-0.0473505268409,0.146518258626,0.443197605419,-0.0354461751098,0.000441504751101,True,ADJUSTED_CLOSE_ONLY_OHLCV_UNAVAILABLE
2025-08-19,,,,157.75,157.75,,,,,23.6447792053,23.6447792053,,-0.0935470832241,-0.187581685511,-0.15628176194,0.0582276262783,0.564737388365,-0.187094166448,-0.000487519063,True,ADJUSTED_CLOSE_ONLY_OHLCV_UNAVAILABLE
2025-08-20,,,,156.009994507,156.009994507,,,,,23.1026420593,23.1026420593,,-0.011030145757,-0.0229284080553,-0.153821127957,0.00892446213831,0.552226191962,-0.022060291514,-0.000868116541292,True,ADJUSTED_CLOSE_ONLY_OHLCV_UNAVAILABLE
2025-08-21,,,,156.179992676,156.179992676,,,,,23.1501979828,23.1501979828,,0.00108966204045,0.00205846254899,-0.137222467188,0.008523776703,0.552223577592,0.00217932408091,-0.000120861531912,True,ADJUSTED_CLOSE_ONLY_OHLCV_UNAVAILABLE
2025-08-22,,,,158.740005493,158.740005493,,,,,23.873046875,23.873046875,,0.0163914261585,0.031224307142,-0.104024343096,-0.000377818371793,0.547828378105,0.032782852317,-0.00155854517507,True,ADJUSTED_CLOSE_ONLY_OHLCV_UNAVAILABLE
2025-08-25,,,,157.169998169,157.169998169,,,,,23.4165115356,23.4165115356,,-0.00989043259348,-0.0191234634501,-0.0968798524887,-0.00449712878077,0.548650231602,-0.019780865187,0.000657401736906,True,ADJUSTED_CLOSE_ONLY_OHLCV_UNAVAILABLE
2025-08-26,,,,160.869995117,160.869995117,,,,,24.4722499847,24.4722499847,,0.023541369163,0.0450852146567,0.0197780989996,0.029633829117,0.553046255492,0.047082738326,-0.00199752366924,True,ADJUSTED_CLOSE_ONLY_OHLCV_UNAVAILABLE
2025-08-27,,,,156.720001221,156.720001221,,,,,23.2453098297,23.2453098297,,-0.0257971904174,-0.0501359766999,0.00455103351623,-0.0119160165335,0.559234403912,-0.0515943808348,0.00145840413489,True,ADJUSTED_CLOSE_ONLY_OHLCV_UNAVAILABLE
2025-08-28,,,,158.119995117,158.119995117,,,,,23.6352672577,23.6352672577,,0.00893309013259,0.0167757466274,0.0124215810756,-0.0014525480105,0.560083009953,0.0178661802652,-0.00109043363779,True,ADJUSTED_CLOSE_ONLY_OHLCV_UNAVAILABLE
2025-08-29,,,,156.710006714,156.710006714,,,,,23.1787319183,23.1787319183,,-0.00891720495106,-0.0193158526357,-0.0127881989987,0.0158164411346,0.552738648594,-0.0178344099021,-0.00148144273361,True,ADJUSTED_CLOSE_ONLY_OHLCV_UNAVAILABLE
2025-09-02,,,,157.089996338,157.089996338,,,,,23.2928657532,23.2928657532,,0.00242479489339,0.00492407588305,-0.000509014646477,-0.0222208841208,0.532210309152,0.00484958978679,7.44860962678e-05,True,ADJUSTED_CLOSE_ONLY_OHLCV_UNAVAILABLE
2025-09-03,,,,154.899993896,154.899993896,,,,,22.6270828247,22.6270828247,,-0.0139410687661,-0.0285831265041,-0.0371107192261,-0.106019564397,0.443872601485,-0.0278821375321,-0.00070098897202,True,ADJUSTED_CLOSE_ONLY_OHLCV_UNAVAILABLE
2025-09-04,,,,156.13999939,156.13999939,,,,,22.9885082245,22.9885082245,,0.00800520040041,0.0159731328417,-0.00370087944447,-0.130333044288,0.419628610891,0.0160104008008,-3.72679590779e-05,True,ADJUSTED_CLOSE_ONLY_OHLCV_UNAVAILABLE
2025-09-05,,,,153.11000061,153.11000061,,,,,22.0754337311,22.0754337311,,-0.0194056538436,-0.039718736183,-0.0316847625952,-0.159659697174,0.413994226072,-0.0388113076872,-0.000907428495741,True,ADJUSTED_CLOSE_ONLY_OHLCV_UNAVAILABLE
2025-09-08,,,,156.100006104,156.100006104,,,,,22.940952301,22.940952301,,0.019528479402,0.0392073188908,-0.00389254408919,-0.165062042694,0.407322059662,0.0390569588041,0.000150360086701,True,ADJUSTED_CLOSE_ONLY_OHLCV_UNAVAILABLE
2025-09-09,,,,162.36000061,162.36000061,,,,,24.7480754852,24.7480754852,,0.0401024616404,0.0787728059625,0.0335476758248,-0.111232717758,0.438315677699,0.0802049232808,-0.00143211731832,True,ADJUSTED_CLOSE_ONLY_OHLCV_UNAVAILABLE
2025-09-10,,,,166.740005493,166.740005493,,,,,26.0986614227,26.0986614227,,0.0269771179253,0.0545733723136,0.0764364884649,-0.108199152781,0.441543506952,0.0539542358505,0.000619136463038,True,ADJUSTED_CLOSE_ONLY_OHLCV_UNAVAILABLE
2025-09-11,,,,164.36000061,164.36000061,,,,,25.3377666473,25.3377666473,,-0.0142737483771,-0.0291545517629,0.0526450701475,-0.108531729873,0.441640157474,-0.0285474967543,-0.00060705500859,True,ADJUSTED_CLOSE_ONLY_OHLCV_UNAVAILABLE
2025-09-12,,,,171.429992676,171.429992676,,,,,27.4968032837,27.4968032837,,0.0430152837623,0.0852102186591,0.119652485092,-0.0529776343516,0.470538396143,0.0860305675246,-0.000820348865562,True,ADJUSTED_CLOSE_ONLY_OHLCV_UNAVAILABLE
2025-09-15,,,,171.210006714,171.210006714,,,,,27.420715332,27.420715332,,-0.00128324080565,-0.00276715627177,0.0967969251733,-0.0336399588908,0.465163886228,-0.0025664816113,-0.00020067466047,True,ADJUSTED_CLOSE_ONLY_OHLCV_UNAVAILABLE
2025-09-16,,,,170.259994507,170.259994507,,,,,27.0878238678,27.0878238678,,-0.00554881239283,-0.0121401451495,0.0486572669795,-0.0216629563805,0.461452104422,-0.0110976247857,-0.00104252036381,True,ADJUSTED_CLOSE_ONLY_OHLCV_UNAVAILABLE
2025-09-17,,,,168.330001831,168.330001831,,,,,26.4791088104,26.4791088104,,-0.0113355617177,-0.0224719069477,0.00953578196899,0.0670681574076,0.309158959741,-0.0226711234353,0.000199216487619,True,ADJUSTED_CLOSE_ONLY_OHLCV_UNAVAILABLE
2025-09-18,,,,176.970001221,176.970001221,,,,,29.1707706451,29.1707706451,,0.0513277448801,0.101652281955,0.0767218335576,0.134350409922,0.347356771712,0.10265548976,-0.00100320780508,True,ADJUSTED_CLOSE_ONLY_OHLCV_UNAVAILABLE
2025-09-19,,,,182.38999939,182.38999939,,,,,30.9303379059,30.9303379059,,0.0306266493279,0.0603195329375,0.0639328424554,0.167819233852,0.356894073758,0.0612532986558,-0.000933765718299,True,ADJUSTED_CLOSE_ONLY_OHLCV_UNAVAILABLE
2025-09-22,,,,179.330001831,179.330001831,,,,,29.9126434326,29.9126434326,,-0.0167772222646,-0.0329027919567,0.0474271058862,0.129708930486,0.365887146436,-0.0335544445291,0.000651652572463,True,ADJUSTED_CLOSE_ONLY_OHLCV_UNAVAILABLE
2025-09-23,,,,182.550003052,182.550003052,,,,,30.987405777,30.987405777,,0.0179557307078,0.0359300356313,0.0721837715344,0.16148123165,0.36281666846,0.0359114614155,1.85742157526e-05,True,ADJUSTED_CLOSE_ONLY_OHLCV_UNAVAILABLE
2025-09-24,,,,179.559997559,179.559997559,,,,,29.9697093964,29.9697093964,,-0.0163791040437,-0.0328422581722,0.0667141662531,0.116180785782,0.36742627525,-0.0327582080874,-8.40500848157e-05,True,ADJUSTED_CLOSE_ONLY_OHLCV_UNAVAILABLE
2025-09-25,,,,179.119995117,179.119995117,,,,,29.7889957428,29.7889957428,,-0.00245044802511,-0.00602987673902,0.012148917227,0.142930026302,0.349750369704,-0.00490089605022,-0.0011289806888,True,ADJUSTED_CLOSE_ONLY_OHLCV_UNAVAILABLE
2025-09-26,,,,177.570007324,177.570007324,,,,,29.2468605042,29.2468605042,,-0.00865334878976,-0.0181991780901,-0.0264268440241,0.123007923145,0.353959707553,-0.0173066975795,-0.000892480510552,True,ADJUSTED_CLOSE_ONLY_OHLCV_UNAVAILABLE
2025-09-29,,,,178.86000061,178.86000061,,,,,29.6938838959,29.6938838959,,0.00726470255631,0.0152844915324,-0.00262087333912,0.141343838603,0.349517181004,0.0145294051126,0.000755086419728,True,ADJUSTED_CLOSE_ONLY_OHLCV_UNAVAILABLE
2025-09-30,,,,182.419998169,182.419998169,,,,,30.8637599945,30.8637599945,,0.0199038216843,0.0393978808139,-0.000712160397914,0.16124516151,0.352073613654,0.0398076433685,-0.000409762554559,True,ADJUSTED_CLOSE_ONLY_OHLCV_UNAVAILABLE
2025-10-01,,,,184.949996948,184.949996948,,,,,31.681722641,31.681722641,,0.0138690867487,0.0265023654483,0.03001781835,0.193996153879,0.343091511533,0.0277381734973,-0.00123580804899,True,ADJUSTED_CLOSE_ONLY_OHLCV_UNAVAILABLE
2025-10-02,,,,187.050003052,187.050003052,,,,,32.4045677185,32.4045677185,,0.0113544533018,0.0228158388262,0.0442720419313,0.197963390438,0.343152700816,0.0227089066036,0.000106932222658,True,ADJUSTED_CLOSE_ONLY_OHLCV_UNAVAILABLE
2025-10-03,,,,173.070007324,173.070007324,,,,,27.6109390259,27.6109390259,,-0.0747393504381,-0.147930647749,-0.0253421175558,0.130363834069,0.445481186513,-0.149478700876,0.0015480531272,True,ADJUSTED_CLOSE_ONLY_OHLCV_UNAVAILABLE
2025-10-06,,,,179.529998779,179.529998779,,,,,29.6082839966,29.6082839966,,0.0373258865297,0.0723389004927,0.00374593630023,0.15009603946,0.4567097632,0.0746517730594,-0.0023128725667,True,ADJUSTED_CLOSE_ONLY_OHLCV_UNAVAILABLE
2025-10-07,,,,182.169998169,182.169998169,,,,,30.4262447357,30.4262447357,,0.0147050599209,0.0276260771894,-0.00137046377869,0.122012795542,0.44123580021,0.0294101198418,-0.00178404265238,True,ADJUSTED_CLOSE_ONLY_OHLCV_UNAVAILABLE
2025-10-08,,,,183.559997559,183.559997559,,,,,30.8827838898,30.8827838898,,0.00763023222056,0.0150047814976,-0.00751554156574,0.10087556382,0.434411979099,0.0152604644411,-0.000255682943498,True,ADJUSTED_CLOSE_ONLY_OHLCV_UNAVAILABLE
2025-10-09,,,,185.470001221,185.470001221,,,,,31.5390529633,31.5390529633,,0.0104053371514,0.0212503210795,-0.00844694897234,0.128437579289,0.428549438507,0.0208106743028,0.000439646776674,True,ADJUSTED_CLOSE_ONLY_OHLCV_UNAVAILABLE
2025-10-10,,,,175.440002441,175.440002441,,,,,28.1055183411,28.1055183411,,-0.0540788198268,-0.108866129436,0.0136938522961,0.0233915297028,0.456247344545,-0.108157639654,-0.000708489782512,True,ADJUSTED_CLOSE_ONLY_OHLCV_UNAVAILABLE
2025-10-13,,,,177.210006714,177.210006714,,,,,28.6761894226,28.6761894226,,0.0100889435011,0.020304591953,-0.0129225872066,0.0350446805953,0.457093667191,0.0201778870022,0.000126704950841,True,ADJUSTED_CLOSE_ONLY_OHLCV_UNAVAILABLE
2025-10-14,,,,179.740005493,179.740005493,,,,,29.4656162262,29.4656162262,,0.0142768392497,0.027528999476,-0.0133391485986,0.0556796152484,0.458095617285,0.0285536784995,-0.00102467902345,True,ADJUSTED_CLOSE_ONLY_OHLCV_UNAVAILABLE
2025-10-15,,,,179.619995117,179.619995117,,,,,29.4465942383,29.4465942383,,-0.000667688729881,-0.000645565589703,-0.0214643849085,0.0670705944474,0.455187890991,-0.00133537745976,0.000689811870059,True,ADJUSTED_CLOSE_ONLY_OHLCV_UNAVAILABLE
2025-10-16,,,,178.119995117,178.119995117,,,,,28.9234790802,28.9234790802,,-0.00835096337143,-0.0177648781332,-0.0396290831678,0.00649824201024,0.420230961862,-0.0167019267429,-0.00106295139035,True,ADJUSTED_CLOSE_ONLY_OHLCV_UNAVAILABLE
2025-10-17,,,,178.149993896,178.149993896,,,,,28.9329910278,28.9329910278,,0.000168418931727,0.000328865957151,0.0154468275044,-0.023246918731,0.405063169203,0.000336837863454,-7.97190630353e-06,True,ADJUSTED_CLOSE_ONLY_OHLCV_UNAVAILABLE
2025-10-20,,,,181.589996338,181.589996338,,,,,30.0172653198,30.0172653198,,0.0193095849524,0.0374753612908,0.024716378636,0.0126024339696,0.40650385934,0.0386191699047,-0.00114380861389,True,ADJUSTED_CLOSE_ONLY_OHLCV_UNAVAILABLE
2025-10-21,,,,181.509994507,181.509994507,,,,,30.0077533722,30.0077533722,,-0.000440562986222,-0.000316882551774,0.00984749615877,-0.00569711600951,0.401508984871,-0.000881125972445,0.00056424342067,True,ADJUSTED_CLOSE_ONLY_OHLCV_UNAVAILABLE
2025-10-22,,,,175.490005493,175.490005493,,,,,28.0389404297,28.0389404297,,-0.0331661572137,-0.065610141422,-0.0229929280497,-0.0226664742747,0.414808235894,-0.0663323144274,0.000722173005442,True,ADJUSTED_CLOSE_ONLY_OHLCV_UNAVAILABLE
2025-10-23,,,,180.479995728,180.479995728,,,,,29.5797519684,29.5797519684,,0.0284346121043,0.0549525593722,0.0132494985125,0.00759267891595,0.427484181613,0.0568692242085,-0.00191666483634,True,ADJUSTED_CLOSE_ONLY_OHLCV_UNAVAILABLE
2025-10-24,,,,184.630004883,184.630004883,,,,,30.8922920227,30.8922920227,,0.0229942888603,0.044372922928,0.0363739051829,0.0397589529053,0.4329937479,0.0459885777207,-0.00161565479274,True,ADJUSTED_CLOSE_ONLY_OHLCV_UNAVAILABLE
2025-10-27,,,,189.179992676,189.179992676,,,,,32.4140815735,32.4140815735,,0.0246438155914,0.0492611409235,0.0417974364831,0.057698714247,0.439967411892,0.0492876311828,-2.64902592446e-05,True,ADJUSTED_CLOSE_ONLY_OHLCV_UNAVAILABLE
2025-10-28,,,,189.600006104,189.600006104,,,,,32.5377235413,32.5377235413,,0.00222017889838,0.00381445229269,0.0445706123162,0.0393597632203,0.435509139541,0.00444035779676,-0.000625905504068,True,ADJUSTED_CLOSE_ONLY_OHLCV_UNAVAILABLE
2025-10-29,,,,198.809997559,198.809997559,,,,,35.7144584656,35.7144584656,,0.0485759027352,0.0976323657151,0.132885015303,0.074939177286,0.464217070756,0.0971518054704,0.000480560244674,True,ADJUSTED_CLOSE_ONLY_OHLCV_UNAVAILABLE
2025-10-30,,,,194.550003052,194.550003052,,,,,34.1736488342,34.1736488342,,-0.0214274662198,-0.0431424609961,0.0779588190231,0.0400962303001,0.471882211809,-0.0428549324395,-0.000287528556586,True,ADJUSTED_CLOSE_ONLY_OHLCV_UNAVAILABLE
2025-10-31,,,,200.470001221,200.470001221,,,,,36.2470855713,36.2470855713,,0.0304291856905,0.0606735542675,0.0857931859339,0.158317401843,0.383208419809,0.060858371381,-0.000184817113503,True,ADJUSTED_CLOSE_ONLY_OHLCV_UNAVAILABLE
2025-11-03,,,,207.179992676,207.179992676,,,,,38.786567688,38.786567688,,0.0334712995172,0.0700603117926,0.0951474822755,0.154013223887,0.3794759462,0.0669425990345,0.00311771275818,True,ADJUSTED_CLOSE_ONLY_OHLCV_UNAVAILABLE
2025-11-04,,,,190.740005493,190.740005493,,,,,32.5091934204,32.5091934204,,-0.0793512296737,-0.161844025954,0.00601265481514,0.0470440105965,0.487232529476,-0.158702459347,-0.00314156660698,True,ADJUSTED_CLOSE_ONLY_OHLCV_UNAVAILABLE
2025-11-05,,,,187.899993896,187.899993896,,,,,31.5485630035,31.5485630035,,-0.0148894385807,-0.0295495001813,-0.0548765343599,0.0236434756789,0.490790303639,-0.0297788771615,0.000229376980178,True,ADJUSTED_CLOSE_ONLY_OHLCV_UNAVAILABLE
2025-11-06,,,,175.050003052,175.050003052,,,,,27.2495136261,27.2495136261,,-0.068387393625,-0.136267676501,-0.100231301435,-0.0561815824681,0.548418893984,-0.13677478725,0.000507110748807,True,ADJUSTED_CLOSE_ONLY_OHLCV_UNAVAILABLE
2025-11-07,,,,177.929992676,177.929992676,,,,,28.1340522766,28.1340522766,,0.0164523825982,0.0324607133415,-0.112435817866,0.0141928305958,0.516316664808,0.0329047651964,-0.000444051854876,True,ADJUSTED_CLOSE_ONLY_OHLCV_UNAVAILABLE
2025-11-10,,,,193.61000061,193.61000061,,,,,33.0323066711,33.0323066711,,0.088124591581,0.17410411932,-0.0654985642685,0.0925455294574,0.601391453672,0.176249183162,-0.00214506384176,True,ADJUSTED_CLOSE_ONLY_OHLCV_UNAVAILABLE
2025-11-11,,,,190.960006714,190.960006714,,,,,32.1192359924,32.1192359924,,-0.0136872779719,-0.0276417474505,0.0011534089041,0.0624235054957,0.603931387708,-0.0273745559437,-0.000267191506788,True,ADJUSTED_CLOSE_ONLY_OHLCV_UNAVAILABLE
2025-11-12,,,,184.169998169,184.169998169,,,,,29.8603305817,29.8603305817,,-0.0355572282478,-0.0703287404252,-0.0198509624731,0.0253312725501,0.619785616203,-0.0711144564956,0.000785716070379,True,ADJUSTED_CLOSE_ONLY_OHLCV_UNAVAILABLE
2025-11-13,,,,172.13999939,172.13999939,,,,,25.9464836121,25.9464836121,,-0.0653200787256,-0.131071789674,-0.0166238423958,-0.0335728491549,0.663804703467,-0.130640157451,-0.000431632222996,True,ADJUSTED_CLOSE_ONLY_OHLCV_UNAVAILABLE
2025-11-14,,,,174.009994507,174.009994507,,,,,26.4791088104,26.4791088104,,0.0108632225155,0.0205278374645,-0.0220311264559,-0.0232388410412,0.6651108832,0.021726445031,-0.00119860756647,True,ADJUSTED_CLOSE_ONLY_OHLCV_UNAVAILABLE
2025-11-17,,,,171.25,171.25,,,,,25.6135921478,25.6135921478,,-0.0158611263374,-0.0326867746492,-0.115489905169,-0.0569414425156,0.663046495733,-0.0317222526747,-0.00096452197447,True,ADJUSTED_CLOSE_ONLY_OHLCV_UNAVAILABLE
2025-11-18,,,,167.330001831,167.330001831,,,,,24.4437179565,24.4437179565,,-0.0228905002566,-0.045673960315,-0.123743213511,-0.0781223795103,0.667080543632,-0.0457810005132,0.000107040198241,True,ADJUSTED_CLOSE_ONLY_OHLCV_UNAVAILABLE
2025-11-19,,,,165.419998169,165.419998169,,,,,23.9015789032,23.9015789032,,-0.011414591772,-0.0221790749799,-0.101808113083,-0.0573822269589,0.658541746574,-0.022829183544,0.000650108564138,True,ADJUSTED_CLOSE_ONLY_OHLCV_UNAVAILABLE
2025-11-20,,,,155.744995117,155.744995117,,,,,21.0957832336,21.0957832336,,-0.0584875054942,-0.117389553256,-0.0952422698419,-0.137051203435,0.677056188302,-0.116975010988,-0.000414542267428,True,ADJUSTED_CLOSE_ONLY_OHLCV_UNAVAILABLE
2025-11-21,,,,154.850006104,154.850006104,,,,,20.8389816284,20.8389816284,,-0.00574650256336,-0.0121731249502,-0.11010855128,-0.161295553224,0.668091405824,-0.0114930051267,-0.000680119823433,True,ADJUSTED_CLOSE_ONLY_OHLCV_UNAVAILABLE
2025-11-24,,,,162.25,162.25,,,,,22.8268165588,22.8268165588,,0.0477881408125,0.0953902146403,-0.0525547445255,-0.142351166711,0.687809962263,0.0955762816249,-0.000186066984617,True,ADJUSTED_CLOSE_ONLY_OHLCV_UNAVAILABLE
2025-11-25,,,,163.550003052,163.550003052,,,,,23.1692199707,23.1692199707,,0.00801234546538,0.01500005097,-0.0225900838937,-0.137394526441,0.689118436032,0.0160246909308,-0.00102463996077,True,ADJUSTED_CLOSE_ONLY_OHLCV_UNAVAILABLE
2025-11-26,,,,165.770004272,165.770004272,,,,,23.7589130402,23.7589130402,,0.0135738378433,0.025451571965,0.00211586330184,-0.16618879177,0.662734291225,0.0271476756867,-0.00169610372166,True,ADJUSTED_CLOSE_ONLY_OHLCV_UNAVAILABLE
2025-11-28,,,,168.449996948,168.449996948,,,,,24.5388278961,24.5388278961,,0.0161669337438,0.0328262010404,0.0815756668232,-0.134155773293,0.666219982371,0.0323338674876,0.000492333552784,True,ADJUSTED_CLOSE_ONLY_OHLCV_UNAVAILABLE
2025-12-01,,,,167.490005493,167.490005493,,,,,24.2344703674,24.2344703674,,-0.00569896985735,-0.0124030996906,0.0816273741778,-0.164513371211,0.65196761318,-0.0113979397147,-0.00100515997593,True,ADJUSTED_CLOSE_ONLY_OHLCV_UNAVAILABLE
2025-12-02,,,,170.690002441,170.690002441,,,,,25.1475448608,25.1475448608,,0.0191055993987,0.0376766844732,0.0520185050318,-0.17612699838,0.641719991561,0.0382111987974,-0.000534514324271,True,ADJUSTED_CLOSE_ONLY_OHLCV_UNAVAILABLE
2025-12-03,,,,176.080001831,176.080001831,,,,,26.7454223633,26.7454223633,,0.031577709957,0.0635400994922,0.0766126477866,-0.076858567893,0.599523276364,0.0631554199139,0.000384679578233,True,ADJUSTED_CLOSE_ONLY_OHLCV_UNAVAILABLE
2025-12-04,,,,177.919998169,177.919998169,,,,,27.3065795898,27.3065795898,,0.0104497746408,0.0209814307264,0.073294284752,-0.0531133371566,0.599781354663,0.0208995492817,8.18814447123e-05,True,ADJUSTED_CLOSE_ONLY_OHLCV_UNAVAILABLE
2025-12-05,,,,181.759994507,181.759994507,,,,,28.4479217529,28.4479217529,,0.0215827134522,0.0417973316406,0.0790145313133,0.0383318556875,0.55082041529,0.0431654269043,-0.00136809526378,True,ADJUSTED_CLOSE_ONLY_OHLCV_UNAVAILABLE
2025-12-08,,,,181.490005493,181.490005493,,,,,28.3432979584,28.3432979584,,-0.00148541495286,-0.00367773067798,0.0835870770843,0.0200079411225,0.548448260714,-0.00297082990572,-0.000706900772269,True,ADJUSTED_CLOSE_ONLY_OHLCV_UNAVAILABLE
2025-12-09,,,,181.839996338,181.839996338,,,,,28.4384098053,28.4384098053,,0.00192843040461,0.00335570853694,0.0653230636651,-0.0607923363223,0.443251312919,0.00385686080923,-0.000501152272292,True,ADJUSTED_CLOSE_ONLY_OHLCV_UNAVAILABLE
2025-12-10,,,,187.910003662,187.910003662,,,,,30.3406448364,30.3406448364,,0.0333810352313,0.0668896413038,0.0671853799866,-0.0159719467141,0.459060607931,0.0667620704626,0.000127570841193,True,ADJUSTED_CLOSE_ONLY_OHLCV_UNAVAILABLE
2025-12-11,,,,187.539993286,187.539993286,,,,,30.2170009613,30.2170009613,,-0.00196908290546,-0.00407518942952,0.0540692177169,0.0182982850122,0.440032849248,-0.00393816581093,-0.000137023618589,True,ADJUSTED_CLOSE_ONLY_OHLCV_UNAVAILABLE
2025-12-12,,,,183.570007324,183.570007324,,,,,28.9139690399,28.9139690399,,-0.021168743223,-0.0431224767493,0.00995825743885,0.0663994886435,0.374423571426,-0.042337486446,-0.000784990303312,True,ADJUSTED_CLOSE_ONLY_OHLCV_UNAVAILABLE
2025-12-15,,,,183.25,183.25,,,,,28.8378791809,28.8378791809,,-0.0017432440565,-0.00263159509176,0.00969747343416,0.0531004297733,0.373802437407,-0.00348648811299,0.000854893021229,True,ADJUSTED_CLOSE_ONLY_OHLCV_UNAVAILABLE
2025-12-16,,,,187.75,187.75,,,,,30.2170009613,30.2170009613,,0.0245566166439,0.0478232734018,0.0325011206617,0.0963503649635,0.374493403197,0.0491132332879,-0.0012899598861,True,ADJUSTED_CLOSE_ONLY_OHLCV_UNAVAILABLE
2025-12-17,,,,177.289993286,177.289993286,,,,,26.8880901337,26.8880901337,,-0.0557124192483,-0.110166817412,-0.0565164715502,0.059523046352,0.421893005302,-0.111424838497,0.00125802108477,True,ADJUSTED_CLOSE_ONLY_OHLCV_UNAVAILABLE
2025-12-18,,,,185.690002441,185.690002441,,,,,29.360994339,29.360994339,,0.0473800523063,0.0919702438153,-0.00986451376216,0.122536600755,0.445760244266,0.0947601046125,-0.00278986079718,True,ADJUSTED_CLOSE_ONLY_OHLCV_UNAVAILABLE
2025-12-19,,,,193.380004883,193.380004883,,,,,31.8148784637,31.8148784637,,0.0414131204712,0.083576329072,0.0534400891605,0.241645066908,0.391277008057,0.0828262409424,0.000750088129548,True,ADJUSTED_CLOSE_ONLY_OHLCV_UNAVAILABLE
2025-12-22,,,,193.979995728,193.979995728,,,,,31.9860782623,31.9860782623,,0.00310265192666,0.00538112376507,0.058553864816,0.252696080605,0.38744491677,0.00620530385331,-0.000824180088246,True,ADJUSTED_CLOSE_ONLY_OHLCV_UNAVAILABLE
2025-12-23,,,,194.130004883,194.130004883,,,,,32.0146102905,32.0146102905,,0.000773322809452,0.000892013955704,0.0339813841961,0.196486933022,0.364483521415,0.0015466456189,-0.000654631663199,True,ADJUSTED_CLOSE_ONLY_OHLCV_UNAVAILABLE
2025-12-24,,,,194.169998169,194.169998169,,,,,32.0051002502,32.0051002502,,0.000206012904378,-0.000297053132832,0.0952112669753,0.187220999975,0.365888910024,0.000412025808756,-0.000709078941588,True,ADJUSTED_CLOSE_ONLY_OHLCV_UNAVAILABLE
2025-12-26,,,,188.710006714,188.710006714,,,,,30.2170009613,30.2170009613,,-0.0281196451901,-0.055869198189,0.0162636880433,0.138384519818,0.388042057705,-0.0562392903803,0.000370092191229,True,ADJUSTED_CLOSE_ONLY_OHLCV_UNAVAILABLE
2025-12-29,,,,184.179992676,184.179992676,,,,,28.7299995422,28.7299995422,,-0.0240051607065,-0.0492107546004,-0.047574785266,0.093380801499,0.401141294465,-0.0480103214129,-0.00120043318747,True,ADJUSTED_CLOSE_ONLY_OHLCV_UNAVAILABLE
2025-12-30,,,,180.839996338,180.839996338,,,,,27.7000007629,27.7000007629,,-0.018134414544,-0.0358509848837,-0.0677389405045,0.0797061938437,0.407821915067,-0.036268829088,0.000417844204287,True,ADJUSTED_CLOSE_ONLY_OHLCV_UNAVAILABLE
2025-12-31,,,,177.75,177.75,,,,,26.7299995422,26.7299995422,,-0.0170869077663,-0.0350180936457,-0.0843764718015,0.0413615177082,0.410452129929,-0.0341738155327,-0.000844278113042,True,ADJUSTED_CLOSE_ONLY_OHLCV_UNAVAILABLE
2026-01-02,,,,167.86000061,167.86000061,,,,,23.75,23.75,,-0.0556399403074,-0.11148520738,-0.13549980845,-0.0466833322082,0.443496860118,-0.111279880615,-0.000205326765214,True,ADJUSTED_CLOSE_ONLY_OHLCV_UNAVAILABLE
2026-01-05,,,,174.039993286,174.039993286,,,,,25.5,25.5,,0.0368163508478,0.0736842105263,-0.0777383970421,-0.0218075816251,0.462781370892,0.0736327016956,5.1508830732e-05,True,ADJUSTED_CLOSE_ONLY_OHLCV_UNAVAILABLE
2026-01-06,,,,179.710006714,179.710006714,,,,,27.1100006104,27.1100006104,,0.0325787959461,0.0631372788373,-0.0242696608734,-0.0112785423356,0.471368813658,0.0651575918923,-0.00202031305494,True,ADJUSTED_CLOSE_ONLY_OHLCV_UNAVAILABLE
2026-01-07,,,,181.679992676,181.679992676,,,,,27.7099990845,27.7099990845,,0.0109620270898,0.0221319978094,0.00464496988996,0.00104681898103,0.472967942692,0.0219240541797,0.000207943629704,True,ADJUSTED_CLOSE_ONLY_OHLCV_UNAVAILABLE
2026-01-08,,,,176.86000061,176.86000061,,,,,26.2299995422,26.2299995422,,-0.02653012032,-0.0534103064285,-0.00500702891504,-0.0273866906502,0.482500563801,-0.05306024064,-0.000350065788493,True,ADJUSTED_CLOSE_ONLY_OHLCV_UNAVAILABLE
2026-01-09,,,,177.490005493,177.490005493,,,,,26.3999996185,26.3999996185,,0.00356216714146,0.0064811315006,0.0573692651483,-0.0554520672975,0.465679431444,0.00712433428292,-0.000643202782315,True,ADJUSTED_CLOSE_ONLY_OHLCV_UNAVAILABLE
2026-01-12,,,,179.410003662,179.410003662,,,,,26.9599990845,26.9599990845,,0.0108175001945,0.0212121012892,0.0308550366762,-0.0433506980648,0.468055995268,0.021635000389,-0.000422899099841,True,ADJUSTED_CLOSE_ONLY_OHLCV_UNAVAILABLE
2026-01-13,,,,178.960006714,178.960006714,,,,,26.8199996948,26.8199996948,,-0.00250820433118,-0.00519285587547,-0.0041733903065,-0.025113038222,0.46246708135,-0.00501640866236,-0.00017644721311,True,ADJUSTED_CLOSE_ONLY_OHLCV_UNAVAILABLE
2026-01-14,,,,178.399993896,178.399993896,,,,,26.6700000763,26.6700000763,,-0.00312926238474,-0.00559282700362,-0.0180537148367,-0.0264666090233,0.462528134259,-0.00625852476948,0.000665697765864,True,ADJUSTED_CLOSE_ONLY_OHLCV_UNAVAILABLE
2026-01-15,,,,177.070007324,177.070007324,,,,,26.2399997711,26.2399997711,,-0.00745508193816,-0.0161229960235,0.00118741780585,-0.0568841154502,0.45298780373,-0.0149101638763,-0.00121283214714,True,ADJUSTED_CLOSE_ONLY_OHLCV_UNAVAILABLE
2026-01-16,,,,170.960006714,170.960006714,,,,,24.4400005341,24.4400005341,,-0.0345061295398,-0.0685975324985,-0.0367907970995,-0.0357041390489,0.425383237486,-0.0690122590797,0.000414726581174,True,ADJUSTED_CLOSE_ONLY_OHLCV_UNAVAILABLE
2026-01-20,,,,168.529998779,168.529998779,,,,,23.7399997711,23.7399997711,,-0.0142138970469,-0.0286416017857,-0.0606432454196,-0.0924121031638,0.385914998257,-0.0284277940938,-0.000213807691904,True,ADJUSTED_CLOSE_ONLY_OHLCV_UNAVAILABLE
2026-01-21,,,,165.330001831,165.330001831,,,,,22.8400001526,22.8400001526,,-0.0189876993498,-0.0379106835386,-0.0761622953256,-0.145051206658,0.348206930558,-0.0379753986996,6.47151609439e-05,True,ADJUSTED_CLOSE_ONLY_OHLCV_UNAVAILABLE
2026-01-22,,,,165.899993896,165.899993896,,,,,22.9699993134,22.9699993134,,0.00344760212373,0.00569173204458,-0.0700672669712,-0.144757204091,0.348349347577,0.00689520424747,-0.00120347220289,True,ADJUSTED_CLOSE_ONLY_OHLCV_UNAVAILABLE
2026-01-23,,,,169.600006104,169.600006104,,,,,23.9599990845,23.9599990845,,0.022302666324,0.0430996865787,-0.0421867109715,-0.126358616197,0.36324273987,0.0446053326481,-0.00150564606937,True,ADJUSTED_CLOSE_ONLY_OHLCV_UNAVAILABLE
2026-01-26,,,,167.470001221,167.470001221,,,,,23.3600006104,23.3600006104,,-0.0125589906023,-0.0250416734995,-0.0204141632903,-0.137508354535,0.362951874174,-0.0251179812047,7.63077052238e-05,True,ADJUSTED_CLOSE_ONLY_OHLCV_UNAVAILABLE
2026-01-27,,,,165.699996948,165.699996948,,,,,22.8600006104,22.8600006104,,-0.0105690825793,-0.0214041090298,-0.0167922734917,-0.121933172312,0.354737156314,-0.0211381651586,-0.000265943871147,True,ADJUSTED_CLOSE_ONLY_OHLCV_UNAVAILABLE
2026-01-28,,,,157.350006104,157.350006104,,,,,20.5599994659,20.5599994659,,-0.0503922208721,-0.100612470822,-0.0482670757827,-0.145672644365,0.383464428619,-0.100784441744,0.000171970921848,True,ADJUSTED_CLOSE_ONLY_OHLCV_UNAVAILABLE
2026-01-29,,,,151.86000061,151.86000061,,,,,19.1000003815,19.1000003815,,-0.0348904053398,-0.0710116304668,-0.0846292574001,-0.160252136222,0.394058488513,-0.0697808106795,-0.00123081978727,True,ADJUSTED_CLOSE_ONLY_OHLCV_UNAVAILABLE
2026-01-30,,,,146.589996338,146.589996338,,,,,17.7999992371,17.7999992371,,-0.0347030439305,-0.0680628857825,-0.135672222509,-0.175302411601,0.404044541693,-0.0694060878609,0.00134320207845,True,ADJUSTED_CLOSE_ONLY_OHLCV_UNAVAILABLE
2026-02-02,,,,147.759994507,147.759994507,,,,,18.0900001526,18.0900001526,,0.00798143255457,0.0162921869639,-0.117692760316,-0.119742678604,0.368800181151,0.0159628651091,0.000329321854756,True,ADJUSTED_CLOSE_ONLY_OHLCV_UNAVAILABLE
2026-02-03,,,,157.880004883,157.880004883,,,,,20.5300006866,20.5300006866,,0.0684895151069,0.134881178191,-0.0471936765809,-0.0928521548306,0.429778856743,0.136979030214,-0.0020978520228,True,ADJUSTED_CLOSE_ONLY_OHLCV_UNAVAILABLE
2026-02-04,,,,139.539993286,139.539993286,,,,,15.75,15.75,,-0.116164245183,-0.23283003053,-0.113187239444,-0.223526859535,0.563134554462,-0.232328490366,-0.000501540163916,True,ADJUSTED_CLOSE_ONLY_OHLCV_UNAVAILABLE
2026-02-05,,,,130.009994507,130.009994507,,,,,13.5900001526,13.5900001526,,-0.0682958236909,-0.137142847455,-0.14388256299,-0.284401146257,0.58999647231,-0.136591647382,-0.000551200072969,True,ADJUSTED_CLOSE_ONLY_OHLCV_UNAVAILABLE
2026-02-06,,,,135.899993896,135.899993896,,,,,14.8299999237,14.8299999237,,0.0453042045882,0.0912435435758,-0.0729245017291,-0.231595649511,0.626807137267,0.0906084091764,0.000635134399428,True,ADJUSTED_CLOSE_ONLY_OHLCV_UNAVAILABLE
2026-02-09,,,,142.910003662,142.910003662,,,,,16.3500003815,16.3500003815,,0.0515821197973,0.102494974078,-0.0328234368234,-0.194827881914,0.664963687605,0.103164239595,-0.000669265516212,True,ADJUSTED_CLOSE_ONLY_OHLCV_UNAVAILABLE
2026-02-10,,,,139.509994507,139.509994507,,,,,15.5600004196,15.5600004196,,-0.0237912607106,-0.048318039353,-0.11635425518,-0.222395676611,0.661988213669,-0.0475825214211,-0.00073551793184,True,ADJUSTED_CLOSE_ONLY_OHLCV_UNAVAILABLE
2026-02-11,,,,135.679992676,135.679992676,,,,,14.6899995804,14.6899995804,,-0.0274532433651,-0.0559126488285,-0.0276623247533,-0.241841821717,0.663338351905,-0.0549064867301,-0.00100616209838,True,ADJUSTED_CLOSE_ONLY_OHLCV_UNAVAILABLE
2026-02-12,,,,129.130004883,129.130004883,,,,,13.3000001907,13.3000001907,,-0.0482752664103,-0.0946221531214,-0.00676863057615,-0.276177077911,0.673793305896,-0.0965505328206,0.00192837969916,True,ADJUSTED_CLOSE_ONLY_OHLCV_UNAVAILABLE
2026-02-13,,,,131.410003662,131.410003662,,,,,13.7399997711,13.7399997711,,0.0176566149855,0.0330826747424,-0.0330389288891,-0.257864131549,0.683427865933,0.0353132299711,-0.00223055522873,True,ADJUSTED_CLOSE_ONLY_OHLCV_UNAVAILABLE
2026-02-17,,,,133.020004272,133.020004272,,,,,14.0699996948,14.0699996948,,0.0122517355261,0.0240174620963,-0.0692043883298,-0.221923262467,0.684883374998,0.0245034710522,-0.000486008955889,True,ADJUSTED_CLOSE_ONLY_OHLCV_UNAVAILABLE
2026-02-18,,,,135.380004883,135.380004883,,,,,14.5399999619,14.5399999619,,0.0177416969971,0.0334044262419,-0.0296035394355,-0.196700849324,0.692593387388,0.0354833939941,-0.00207896775228,True,ADJUSTED_CLOSE_ONLY_OHLCV_UNAVAILABLE
2026-02-19,,,,134.88999939,134.88999939,,,,,14.4499998093,14.4499998093,,-0.00361948201722,-0.00618983169354,-0.00582247441611,-0.184116627982,0.692086529547,-0.00723896403443,0.0010491323409,True,ADJUSTED_CLOSE_ONLY_OHLCV_UNAVAILABLE
2026-02-20,,,,135.240005493,135.240005493,,,,,14.5100002289,14.5100002289,,0.00259475205797,0.00415227822897,0.0473166605693,-0.18481006348,0.691886445212,0.00518950411594,-0.00103722588696,True,ADJUSTED_CLOSE_ONLY_OHLCV_UNAVAILABLE
2026-02-23,,,,130.600006104,130.600006104,,,,,13.5100002289,13.5100002289,,-0.0343093700176,-0.0689179865076,-0.00616389571586,-0.229952821913,0.686819011984,-0.0686187400352,-0.000299246472427,True,ADJUSTED_CLOSE_ONLY_OHLCV_UNAVAILABLE
2026-02-24,,,,128.839996338,128.839996338,,,,,13.1499996185,13.1499996185,,-0.013476337545,-0.0266469729277,-0.0314239046783,-0.23066820685,0.686835375241,-0.0269526750899,0.000305702162273,True,ADJUSTED_CLOSE_ONLY_OHLCV_UNAVAILABLE
2026-02-25,,,,134.190002441,134.190002441,,,,,14.2299995422,14.2299995422,,0.0415244198664,0.0821292741472,-0.00879009010552,-0.190162915433,0.712793587161,0.0830488397327,-0.000919565585516,True,ADJUSTED_CLOSE_ONLY_OHLCV_UNAVAILABLE
2026-02-26,,,,135.940002441,135.940002441,,,,,14.5900001526,14.5900001526,,0.013041209987,0.0252987084984,0.00778414305366,-0.136066112689,0.699991154805,0.0260824199741,-0.000783711475672,True,ADJUSTED_CLOSE_ONLY_OHLCV_UNAVAILABLE
2026-02-27,,,,137.190002441,137.190002441,,,,,14.8500003815,14.8500003815,,0.00919523302597,0.0178204404498,0.0144187878515,-0.0966021210983,0.693605945091,0.0183904660519,-0.00057002560214,True,ADJUSTED_CLOSE_ONLY_OHLCV_UNAVAILABLE
2026-03-02,,,,145.169998169,145.169998169,,,,,16.5699996948,16.5699996948,,0.0581674727424,0.115824866611,0.111561955471,-0.00968686953012,0.717259851541,0.116334945485,-0.000510078873953,True,ADJUSTED_CLOSE_ONLY_OHLCV_UNAVAILABLE
2026-03-03,,,,147.220001221,147.220001221,,,,,17.0400009155,17.0400009155,,0.0141213961398,0.0283645883741,0.142657601717,-0.00365452968468,0.718438602506,0.0282427922796,0.000121796094527,True,ADJUSTED_CLOSE_ONLY_OHLCV_UNAVAILABLE
2026-03-04,,,,153.190002441,153.190002441,,,,,18.3999996185,18.3999996185,,0.0405515634506,0.0798121261698,0.141590279859,-0.0297061204482,0.689808075052,0.0811031269013,-0.0012910007315,True,ADJUSTED_CLOSE_ONLY_OHLCV_UNAVAILABLE
2026-03-05,,,,152.669998169,152.669998169,,,,,18.2800006866,18.2800006866,,-0.00339450528216,-0.0065216812159,0.123068967391,0.0940949227071,0.538815996737,-0.00678901056431,0.000267329348412,True,ADJUSTED_CLOSE_ONLY_OHLCV_UNAVAILABLE
2026-03-06,,,,157.160003662,157.160003662,,,,,19.3500003815,19.3500003815,,0.0294098745465,0.0585338979558,0.145564551828,0.208830169236,0.469570565568,0.058819749093,-0.000285851137205,True,ADJUSTED_CLOSE_ONLY_OHLCV_UNAVAILABLE
2026-03-09,,,,156.429992676,156.429992676,,,,,19.1700000763,19.1700000763,,-0.00464501762101,-0.00930234116937,0.0775641981736,0.151066958803,0.452854956548,-0.00929003524202,-1.230592735e-05,True,ADJUSTED_CLOSE_ONLY_OHLCV_UNAVAILABLE
2026-03-10,,,,151.13999939,151.13999939,,,,,17.8600006104,17.8600006104,,-0.0338170014308,-0.0683359134444,0.0266268043502,0.057588660812,0.44382616827,-0.0676340028615,-0.000701910582833,True,ADJUSTED_CLOSE_ONLY_OHLCV_UNAVAILABLE
2026-03-11,,,,151.600006104,151.600006104,,,,,17.9599990845,17.9599990845,,0.00304358022843,0.00559901851645,-0.0103792435051,0.0866605409843,0.432273716873,0.00608716045686,-0.000488141940413,True,ADJUSTED_CLOSE_ONLY_OHLCV_UNAVAILABLE
2026-03-12,,,,153.5,153.5,,,,,18.3999996185,18.3999996185,,0.0125329407651,0.0244989173991,0.00543657457922,0.131338504468,0.41605032727,0.0250658815302,-0.000566964131147,True,ADJUSTED_CLOSE_ONLY_OHLCV_UNAVAILABLE
2026-03-13,,,,150.949996948,150.949996948,,,,,17.8099994659,17.8099994659,,-0.0166123977313,-0.0320652263489,-0.0395139130133,0.168976932087,0.373780321734,-0.0332247954626,0.00115956911374,True,ADJUSTED_CLOSE_ONLY_OHLCV_UNAVAILABLE
2026-03-16,,,,152.720001221,152.720001221,,,,,18.2199993134,18.2199993134,,0.0117257655399,0.0230207669684,-0.0237166248724,0.162164195759,0.372358866242,0.0234515310798,-0.000430764111401,True,ADJUSTED_CLOSE_ONLY_OHLCV_UNAVAILABLE
2026-03-17,,,,155.080001831,155.080001831,,,,,18.75,18.75,,0.0154531206881,0.0290889520647,0.0260685619778,0.16583969967,0.373039126271,0.0309062413762,-0.00181728931149,True,ADJUSTED_CLOSE_ONLY_OHLCV_UNAVAILABLE
2026-03-18,,,,152.770004272,152.770004272,,,,,18.2000007629,18.2000007629,,-0.0148955218682,-0.0293332926432,0.00771766571135,0.128453233583,0.379621329591,-0.0297910437364,0.000457751093155,True,ADJUSTED_CLOSE_ONLY_OHLCV_UNAVAILABLE
2026-03-19,,,,155.679992676,155.679992676,,,,,18.8799991608,18.8799991608,,0.0190481660139,0.0373625477649,0.0142019066826,0.154125534734,0.380268652581,0.0380963320277,-0.000733784262791,True,ADJUSTED_CLOSE_ONLY_OHLCV_UNAVAILABLE
2026-03-20,,,,150.679992676,150.679992676,,,,,17.6700000763,17.6700000763,,-0.0321171649231,-0.0640889374077,-0.00178870008559,0.114167306681,0.405300821837,-0.0642343298463,0.000145392438518,True,ADJUSTED_CLOSE_ONLY_OHLCV_UNAVAILABLE
2026-03-23,,,,160.839996338,160.839996338,,,,,20.0200004578,20.0200004578,,0.0674276888503,0.132993795774,0.053169166136,0.231546621908,0.432014623802,0.134855377701,-0.00186158192681,True,ADJUSTED_CLOSE_ONLY_OHLCV_UNAVAILABLE
2026-03-24,,,,154.779998779,154.779998779,,,,,18.5300006866,18.5300006866,,-0.0376771804064,-0.0744255612912,-0.00193450508264,0.201335013806,0.45783158785,-0.0753543608129,0.000928799521727,True,ADJUSTED_CLOSE_ONLY_OHLCV_UNAVAILABLE
2026-03-25,,,,154.960006714,154.960006714,,,,,18.5799999237,18.5799999237,,0.00116299222115,0.00269828576405,0.0143352908304,0.154780564085,0.442674423578,0.0023259844423,0.000372301321742,True,ADJUSTED_CLOSE_ONLY_OHLCV_UNAVAILABLE
2026-03-26,,,,147.559997559,147.559997559,,,,,16.7900009155,16.7900009155,,-0.0477543161762,-0.0963400977141,-0.0521582444707,0.0854788502906,0.483460565335,-0.0955086323523,-0.000831465361834,True,ADJUSTED_CLOSE_ONLY_OHLCV_UNAVAILABLE
2026-03-27,,,,143.059997559,143.059997559,,,,,15.7700004578,15.7700004578,,-0.0304960699001,-0.0607504706459,-0.0505707160046,0.0427873388201,0.498687772217,-0.0609921398001,0.000241669154209,True,ADJUSTED_CLOSE_ONLY_OHLCV_UNAVAILABLE
2026-03-30,,,,137.550003052,137.550003052,,,,,14.529999733,14.529999733,,-0.0385152705219,-0.0786303543943,-0.144802249542,-0.0524901509492,0.473138686522,-0.0770305410439,-0.00159981335046,True,ADJUSTED_CLOSE_ONLY_OHLCV_UNAVAILABLE
2026-03-31,,,,146.279998779,146.279998779,,,,,16.3700008392,16.3700008392,,0.0634677974108,0.126634627672,-0.0549166563318,-0.00638501856821,0.525358111179,0.126935594822,-0.000300967149314,True,ADJUSTED_CLOSE_ONLY_OHLCV_UNAVAILABLE
2026-04-01,,,,146.490005493,146.490005493,,,,,16.4200000763,16.4200000763,,0.00143564886259,0.00305432098334,-0.0546592724169,-0.043736515709,0.503394249858,0.00287129772518,0.000183023258159,True,ADJUSTED_CLOSE_ONLY_OHLCV_UNAVAILABLE
2026-04-02,,,,148.460006714,148.460006714,,,,,16.8400001526,16.8400001526,,0.0134480247582,0.0255785672559,0.00609927602443,-0.0275757614827,0.506211568022,0.0268960495164,-0.00131748226049,True,ADJUSTED_CLOSE_ONLY_OHLCV_UNAVAILABLE
2026-04-06,,,,147.929992676,147.929992676,,,,,16.7299995422,16.7299995422,,-0.00357007957778,-0.00653210269328,0.0340416272913,-0.0587300252688,0.493378477652,-0.00714015915556,0.000608056462275,True,ADJUSTED_CLOSE_ONLY_OHLCV_UNAVAILABLE
2026-04-07,,,,150.070007324,150.070007324,,,,,17.2000007629,17.2000007629,,0.0144664013682,0.0280933194001,0.0910214757883,-0.0406570712098,0.496962096993,0.0289328027363,-0.000839483336256,True,ADJUSTED_CLOSE_ONLY_OHLCV_UNAVAILABLE
2026-04-08,,,,140.759994507,140.759994507,,,,,15.0799999237,15.0799999237,,-0.0620377981142,-0.123255857279,-0.0377358785789,-0.0686780794279,0.530202310324,-0.124075596228,0.000819738949611,True,ADJUSTED_CLOSE_ONLY_OHLCV_UNAVAILABLE
2026-04-09,,,,130.490005493,130.490005493,,,,,12.8800001144,12.8800001144,,-0.0729609932826,-0.145888582254,-0.109222468428,-0.139248019528,0.584525035721,-0.145921986565,3.34043108502e-05,True,ADJUSTED_CLOSE_ONLY_OHLCV_UNAVAILABLE
2026-04-10,,,,128.059997559,128.059997559,,,,,12.3999996185,12.3999996185,,-0.0186221766593,-0.0372671189166,-0.137410805825,-0.165732914928,0.581294175157,-0.0372443533187,-2.27655979417e-05,True,ADJUSTED_CLOSE_ONLY_OHLCV_UNAVAILABLE
2026-04-13,,,,132.369995117,132.369995117,,,,,13.1800003052,13.1800003052,,0.0336560802808,0.0629032831162,-0.105184873447,-0.123087129557,0.598971016189,0.0673121605616,-0.00440887744542,True,ADJUSTED_CLOSE_ONLY_OHLCV_UNAVAILABLE
2026-04-14,,,,135.699996948,135.699996948,,,,,13.8599996567,13.8599996567,,0.0251567723343,0.0515932728192,-0.0957553786542,-0.111445810218,0.606058864035,0.0503135446686,0.00127972815057,True,ADJUSTED_CLOSE_ONLY_OHLCV_UNAVAILABLE
2026-04-15,,,,142.149993896,142.149993896,,,,,15.1800003052,15.1800003052,,0.0475312976661,0.0952381443864,0.0098749605278,-0.0833763720783,0.63074851942,0.0950625953323,0.000175549054138,True,ADJUSTED_CLOSE_ONLY_OHLCV_UNAVAILABLE
2026-04-16,,,,142.759994507,142.759994507,,,,,15.2899999619,15.2899999619,,0.00429124612412,0.00724635404913,0.0940301057334,-0.0655233978247,0.629864531619,0.00858249224823,-0.0013361381991,True,ADJUSTED_CLOSE_ONLY_OHLCV_UNAVAILABLE
2026-04-17,,,,146.38999939,146.38999939,,,,,16.0599994659,16.0599994659,,0.0254273257389,0.0503596799222,0.143136047013,-0.0596736493011,0.633175213629,0.0508546514779,-0.000494971555651,True,ADJUSTED_CLOSE_ONLY_OHLCV_UNAVAILABLE
2026-04-20,,,,145.88999939,145.88999939,,,,,15.9499998093,15.9499998093,,-0.00341553386218,-0.00684929391875,0.102137982709,-0.0317891791808,0.623377831216,-0.00683106772436,-1.82261943905e-05,True,ADJUSTED_CLOSE_ONLY_OHLCV_UNAVAILABLE
2026-04-21,,,,145.970001221,145.970001221,,,,,15.9300003052,15.9300003052,,0.000548370905404,-0.00125388741872,0.0756816838867,-0.0924520980835,0.56901459945,0.00109674181081,-0.00235062922952,True,ADJUSTED_CLOSE_ONLY_OHLCV_UNAVAILABLE
2026-04-22,,,,152.619995117,152.619995117,,,,,17.3899993896,17.3899993896,,0.0455572641013,0.0916509137792,0.0736546019715,-0.0139553151515,0.580694584215,0.0911145282027,0.000536385576545,True,ADJUSTED_CLOSE_ONLY_OHLCV_UNAVAILABLE
2026-04-23,,,,141.570007324,141.570007324,,,,,14.8800001144,14.8800001144,,-0.0724019666262,-0.144335788574,-0.00833557879242,-0.0864093882906,0.634827628877,-0.144803933252,0.000468144678373,True,ADJUSTED_CLOSE_ONLY_OHLCV_UNAVAILABLE
2026-04-24,,,,143.089996338,143.089996338,,,,,15.1999998093,15.1999998093,,0.0107366598505,0.0215053556696,-0.0225425443372,-0.03029277104,0.614672121305,0.021473319701,3.20359685799e-05,True,ADJUSTED_CLOSE_ONLY_OHLCV_UNAVAILABLE
2026-04-27,,,,143.100006104,143.100006104,,,,,15.1800003052,15.1800003052,,6.99543356013e-05,-0.00131575686449,-0.0191239515923,0.000279662698201,0.604589212335,0.000139908671203,-0.0014556655357,True,ADJUSTED_CLOSE_ONLY_OHLCV_UNAVAILABLE
2026-04-28,,,,141.179992676,141.179992676,,,,,14.779999733,14.779999733,,-0.013417284038,-0.026350498298,-0.032815020243,0.0263903274699,0.589362509406,-0.0268345680761,0.000484069778094,True,ADJUSTED_CLOSE_ONLY_OHLCV_UNAVAILABLE
2026-04-29,,,,137.970001221,137.970001221,,,,,14.1300001144,14.1300001144,,-0.0227368722313,-0.0439783241051,-0.0959900037032,-0.0568088435052,0.548043378279,-0.0454737444625,0.00149542035738,True,ADJUSTED_CLOSE_ONLY_OHLCV_UNAVAILABLE
2026-04-30,,,,139.11000061,139.11000061,,,,,14.3199996948,14.3199996948,,0.00826266130001,0.0134465377809,-0.0173766093565,-0.0503788968945,0.54920205797,0.0165253226,-0.00307878481909,True,ADJUSTED_CLOSE_ONLY_OHLCV_UNAVAILABLE
2026-05-01,,,,144.070007324,144.070007324,,,,,15.3500003815,15.3500003815,,0.0356552849695,0.0719274237846,0.0068489133511,-0.0295702491656,0.562971698487,0.071310569939,0.00061685384567,True,ADJUSTED_CLOSE_ONLY_OHLCV_UNAVAILABLE
2026-05-04,,,,146.029998779,146.029998779,,,,,15.8000001907,15.8000001907,,0.013604437811,0.0293159477578,0.0204751401175,-0.0128438720378,0.565183842371,0.0272088756221,0.00210707213571,True,ADJUSTED_CLOSE_ONLY_OHLCV_UNAVAILABLE
2026-05-05,,,,135.910003662,135.910003662,,,,,13.5900001526,13.5900001526,,-0.0693007957391,-0.139873418447,-0.0373281575795,-0.0943559870129,0.612887869931,-0.138601591478,-0.00127182696912,True,ADJUSTED_CLOSE_ONLY_OHLCV_UNAVAILABLE
2026-05-06,,,,133.789993286,133.789993286,,,,,13.1400003433,13.1400003433,,-0.0155986337933,-0.0331125683747,-0.0302964984967,-0.0495169188172,0.575830686005,-0.0311972675867,-0.00191530078805,True,ADJUSTED_CLOSE_ONLY_OHLCV_UNAVAILABLE
2026-05-07,,,,137.050003052,137.050003052,,,,,13.7899999619,13.7899999619,,0.0243666187998,0.049467245171,-0.0148084073723,0.0502720306724,0.517174789265,0.0487332375995,0.000734007571498,True,ADJUSTED_CLOSE_ONLY_OHLCV_UNAVAILABLE
2026-05-08,,,,137.800003052,137.800003052,,,,,13.9300003052,13.9300003052,,0.00547245518642,0.0101523091885,-0.0435205383057,0.0760581421119,0.510867088262,0.0109449103728,-0.000792601184303,True,ADJUSTED_CLOSE_ONLY_OHLCV_UNAVAILABLE
2026-05-11,,,,136.88999939,136.88999939,,,,,13.7299995422,13.7299995422,,-0.0066038000142,-0.0143575562497,-0.0625898751356,0.0341467435159,0.499921924945,-0.0132076000284,-0.00114995622128,True,ADJUSTED_CLOSE_ONLY_OHLCV_UNAVAILABLE
2026-05-12,,,,136,136,,,,,13.5600004196,13.5600004196,,-0.00650156617442,-0.012381582541,0.00066217596546,0.00221078156599,0.49319195756,-0.0130031323488,0.000621549807878,True,ADJUSTED_CLOSE_ONLY_OHLCV_UNAVAILABLE
2026-05-13,,,,130.050003052,130.050003052,,,,,12.3699998856,12.3699998856,,-0.0437499775606,-0.0877581487635,-0.0279541850815,-0.085121289935,0.484285782913,-0.0874999551212,-0.000258193642275,True,ADJUSTED_CLOSE_ONLY_OHLCV_UNAVAILABLE
2026-05-14,,,,133.729995728,133.729995728,,,,,13.0500001907,13.0500001907,,0.0282967519372,0.0549717309189,-0.0242247884005,-0.0632530059313,0.49705619957,0.0565935038743,-0.0016217729554,True,ADJUSTED_CLOSE_ONLY_OHLCV_UNAVAILABLE
2026-05-15,,,,133.990005493,133.990005493,,,,,13.0900001526,13.0900001526,,0.00194428904458,0.00306513113168,-0.0276487479987,-0.0847051980886,0.4862492192,0.00388857808916,-0.000823446957485,True,ADJUSTED_CLOSE_ONLY_OHLCV_UNAVAILABLE
2026-05-18,,,,135.13999939,135.13999939,,,,,13.3100004196,13.3100004196,,0.0085826841506,0.0168067428926,-0.0127839872,-0.0736856538829,0.488288476895,0.0171653683012,-0.000358625408578,True,ADJUSTED_CLOSE_ONLY_OHLCV_UNAVAILABLE
2026-05-19,,,,135.259994507,135.259994507,,,,,13.3400001526,13.3400001526,,0.000887931905649,0.00225392426938,-0.0054412168615,-0.0733712860472,0.488326017545,0.0017758638113,0.000478060458078,True,ADJUSTED_CLOSE_ONLY_OHLCV_UNAVAILABLE
2026-05-20,,,,137.149993896,137.149993896,,,,,13.720000267,13.720000267,,0.0139730849209,0.0284857653744,0.0545943150951,-0.101362873251,0.458324943708,0.0279461698419,0.00053959553253,True,ADJUSTED_CLOSE_ONLY_OHLCV_UNAVAILABLE
2026-05-21,,,,137.414993286,137.414993286,,,,,13.7700004578,13.7700004578,,0.00193218666746,0.00364432869983,0.0275555049452,-0.029349536082,0.382920248996,0.00386437333491,-0.000220044635078,True,ADJUSTED_CLOSE_ONLY_OHLCV_UNAVAILABLE
2026-05-22,,,,136.880004883,136.880004883,,,,,13.6400003433,13.6400003433,,-0.00389323166655,-0.00944082135942,0.0215687683496,-0.0433992006011,0.38038137801,-0.0077864633331,-0.00165435802632,True,ADJUSTED_CLOSE_ONLY_OHLCV_UNAVAILABLE
2026-05-26,,,,136.600006104,136.600006104,,,,,13.5799999237,13.5799999237,,-0.00204557838478,-0.00439885763244,0.0108036607996,-0.0454227793345,0.380307402182,-0.00409115676956,-0.000307700862879,True,ADJUSTED_CLOSE_ONLY_OHLCV_UNAVAILABLE
2026-05-27,,,,132.509994507,132.509994507,,,,,12.7600002289,12.7600002289,,-0.0299415184036,-0.0603828939198,-0.020331214784,-0.0614109549421,0.391228329358,-0.0598830368072,-0.000499857112622,True,ADJUSTED_CLOSE_ONLY_OHLCV_UNAVAILABLE
2026-05-28,,,,143.339996338,143.339996338,,,,,14.8400001526,14.8400001526,,0.0817296979851,0.163009395486,0.0451330857957,0.0389214689402,0.485296295847,0.16345939597,-0.000450000484663,True,ADJUSTED_CLOSE_ONLY_OHLCV_UNAVAILABLE
2026-05-29,,,,156.539993286,156.539993286,,,,,17.5799999237,17.5799999237,,0.092088721121,0.184636101277,0.139176952548,0.125296474727,0.58068023761,0.184177442242,0.000458659034654,True,ADJUSTED_CLOSE_ONLY_OHLCV_UNAVAILABLE
2026-06-01,,,,160.649993896,160.649993896,,,,,18.4899997711,18.4899997711,,0.0262552752436,0.051763359008,0.17365567041,0.115082846737,0.57536447949,0.0525105504871,-0.000747191479069,True,ADJUSTED_CLOSE_ONLY_OHLCV_UNAVAILABLE
2026-06-02,,,,152.169998169,152.169998169,,,,,16.5300006866,16.5300006866,,-0.0527855340785,-0.106003196795,0.113982367275,0.0420461510715,0.610999479515,-0.105571068157,-0.00043212863768,True,ADJUSTED_CLOSE_ONLY_OHLCV_UNAVAILABLE
2026-06-03,,,,142.199996948,142.199996948,,,,,14.3800001144,14.3800001144,,-0.0655188364374,-0.130066574888,0.0731265779421,0.046280576239,0.605203930395,-0.131037672875,0.000971097986925,True,ADJUSTED_CLOSE_ONLY_OHLCV_UNAVAILABLE
2026-06-04,,,,141.699996948,141.699996948,,,,,14.25,14.25,,-0.00351617447771,-0.00904034168333,-0.0114413243446,0.0591225357579,0.601804012896,-0.00703234895542,-0.00200799272791,True,ADJUSTED_CLOSE_ONLY_OHLCV_UNAVAILABLE
2026-06-05,,,,135.529998779,135.529998779,,,,,13.0500001907,13.0500001907,,-0.043542683852,-0.0842105129309,-0.134214867816,-0.0110908736856,0.618687360539,-0.087085367704,0.00287485477309,True,ADJUSTED_CLOSE_ONLY_OHLCV_UNAVAILABLE
2026-06-08,,,,136.470001221,136.470001221,,,,,13.1700000763,13.1700000763,,0.00693575186212,0.00919539339503,-0.150513498876,-0.00965168215965,0.618875997961,0.0138715037242,-0.0046761103292,True,ADJUSTED_CLOSE_ONLY_OHLCV_UNAVAILABLE
2026-06-09,,,,132.070007324,132.070007324,,,,,12.3400001526,12.3400001526,,-0.0322414732698,-0.0630220135837,-0.132089052287,-0.0352106953534,0.629233164528,-0.0644829465396,0.00146093295582,True,ADJUSTED_CLOSE_ONLY_OHLCV_UNAVAILABLE
2026-06-10,,,,130.210006714,130.210006714,,,,,11.9899997711,11.9899997711,,-0.0140834444401,-0.0283630775642,-0.0843177953002,-0.0425734800451,0.63067740708,-0.0281668888802,-0.000196188684011,True,ADJUSTED_CLOSE_ONLY_OHLCV_UNAVAILABLE
2026-06-11,,,,131.080001831,131.080001831,,,,,12.1199998856,12.1199998856,,0.00668147663259,0.0108423783922,-0.0749470384327,0.00792002118514,0.610894529819,0.0133629532652,-0.00252057487297,True,ADJUSTED_CLOSE_ONLY_OHLCV_UNAVAILABLE
2026-06-12,,,,127.989997864,127.989997864,,,,,11.5600004196,11.5600004196,,-0.0235734202328,-0.0462045768342,-0.0556334463472,-0.0429222915363,0.607991779138,-0.0471468404657,0.00094226363152,True,ADJUSTED_CLOSE_ONLY_OHLCV_UNAVAILABLE
2026-06-15,,,,134.710006714,134.710006714,,,,,12.7700004578,12.7700004578,,0.0525041719061,0.104671279777,-0.0128965669458,0.00537354422856,0.637566894379,0.105008343812,-0.00033706403489,True,ADJUSTED_CLOSE_ONLY_OHLCV_UNAVAILABLE
2026-06-16,,,,133.25,133.25,,,,,12.470000267,12.470000267,,-0.0108381459513,-0.0234925747831,0.00893459991173,-0.0139854920689,0.638238672697,-0.0216762919026,-0.00181628288052,True,ADJUSTED_CLOSE_ONLY_OHLCV_UNAVAILABLE
2026-06-17,,,,130.630004883,130.630004883,,,,,12,12,,-0.0196622522866,-0.0376904777036,0.00322554448421,-0.0342302958159,0.642038286444,-0.0393245045732,0.00163402686953,True,ADJUSTED_CLOSE_ONLY_OHLCV_UNAVAILABLE
2026-06-18,,,,128.470001221,128.470001221,,,,,11.5900001526,11.5900001526,,-0.0165352796553,-0.034166653951,-0.019911508803,-0.0632883198109,0.641749125814,-0.0330705593106,-0.00109609464043,True,ADJUSTED_CLOSE_ONLY_OHLCV_UNAVAILABLE
2026-06-22,,,,119.5,119.5,,,,,9.97000026703,9.97000026703,,-0.0698217571065,-0.139775656966,-0.0663332917062,-0.130371459895,0.684305334974,-0.139643514213,-0.000132142752583,True,ADJUSTED_CLOSE_ONLY_OHLCV_UNAVAILABLE
2026-06-23,,,,116.699996948,116.699996948,,,,,9.48999977112,9.48999977112,,-0.0234309878808,-0.0481444817507,-0.133694669052,-0.14742845715,0.68698245656,-0.0468619757616,-0.00128250598908,True,ADJUSTED_CLOSE_ONLY_OHLCV_UNAVAILABLE
2026-06-24,,,,113.5,113.5,,,,,8.96000003815,8.96000003815,,-0.0274207114989,-0.0558482345368,-0.148217636023,-0.169106918531,0.690418693646,-0.0548414229978,-0.00100681153893,True,ADJUSTED_CLOSE_ONLY_OHLCV_UNAVAILABLE
2026-06-25,,,,107.269996643,107.269996643,,,,,7.98999977112,7.98999977112,,-0.0548898974179,-0.108258957913,-0.178825747275,-0.190476182251,0.706271099067,-0.109779794836,0.00152083692299,True,ADJUSTED_CLOSE_ONLY_OHLCV_UNAVAILABLE
2026-06-26,,,,112.930000305,112.930000305,,,,,8.81000041962,8.81000041962,,0.0527640891138,0.10262836946,-0.120962098294,-0.212152900863,0.662744251745,0.105528178228,-0.00289980876719,True,ADJUSTED_CLOSE_ONLY_OHLCV_UNAVAILABLE
2026-06-29,,,,115.699996948,115.699996948,,,,,9.23999977112,9.23999977112,,0.024528439171,0.0488080965971,-0.0317991887176,-0.260891772643,0.558513038409,0.049056878342,-0.000248781744862,True,ADJUSTED_CLOSE_ONLY_OHLCV_UNAVAILABLE
2026-06-30,,,,116.669998169,116.669998169,,,,,9.38000011444,9.38000011444,,0.0083837618521,0.015151552683,-0.000257058955281,-0.273762822275,0.54468646416,0.0167675237042,-0.00161597102123,True,ADJUSTED_CLOSE_ONLY_OHLCV_UNAVAILABLE
2026-07-01,,,,125.730003357,125.730003357,,,,,10.8500003815,10.8500003815,,0.077654969831,0.156716444466,0.107753333541,-0.173753007361,0.61755634731,0.155309939662,0.00140650480438,True,ADJUSTED_CLOSE_ONLY_OHLCV_UNAVAILABLE
2026-07-02,,,,129.300003052,129.300003052,,,,,11.4399995804,11.4399995804,,0.0283941748151,0.0543778044396,0.205369694212,-0.0907172586029,0.592587882047,0.0567883496303,-0.00241054519063,True,ADJUSTED_CLOSE_ONLY_OHLCV_UNAVAILABLE
2026-07-06,,,,132.539993286,132.539993286,,,,,12.0200004578,12.0200004578,,0.0250579285221,0.050699379253,0.173647329567,-0.0646436405038,0.6015642477,0.0501158570441,0.000583522208881,True,ADJUSTED_CLOSE_ONLY_OHLCV_UNAVAILABLE
2026-07-07,,,,134.369995117,134.369995117,,,,,12.3400001526,12.3400001526,,0.0138071670722,0.0266222697702,0.161365589122,-0.00855901772713,0.584056564292,0.0276143341445,-0.000992064374297,True,ADJUSTED_CLOSE_ONLY_OHLCV_UNAVAILABLE
2026-07-08,,,,132.220001221,132.220001221,,,,,11.9499998093,11.9499998093,,-0.0160005505292,-0.0316045655187,0.13328193448,-0.0311423753351,0.586224353711,-0.0320011010585,0.00039653553979,True,ADJUSTED_CLOSE_ONLY_OHLCV_UNAVAILABLE
2026-07-09,,,,129.039993286,129.039993286,,,,,11.3699998856,11.3699998856,,-0.0240508841719,-0.0485355592438,0.0263261738712,-0.0229424840619,0.581121908471,-0.0481017683438,-0.000433790899965,True,ADJUSTED_CLOSE_ONLY_OHLCV_UNAVAILABLE
2026-07-10,,,,127.28730011,127.28730011,,,,,11.0599002838,11.0599002838,,-0.0135825578694,-0.0272734920727,-0.0155661476751,-0.0224460982513,0.580969627203,-0.0271651157387,-0.000108376334017,True,ADJUSTED_CLOSE_ONLY_OHLCV_UNAVAILABLE
